Air_Force_enlistee,identity, 11 000100000 001
Air_Force_officer,identity, 11 000100000 001
Air_Force_reservist,identity, 11 000100000 001
American,identity, 11 100100000 000
Army_enlistee,identity, 11 000100000 001
Army_officer,identity, 11 000100000 001
Army_reservist,identity, 11 000100000 001
Asian,identity, 11 100100000 000
Asian_American,identity, 11 100100000 000
Australian,identity, 11 000100000 000
Austrian,identity, 11 000100000 000
Black,identity, 11 000100000 000
Buddhist,identity, 11 000000100 000
CEO,identity, 11 010000000 000
CPA,identity, 11 010000000 000
Catholic,identity, 11 000000100 000
Chinese,identity, 11 000100000 000
Christian,identity, 11 000000100 010
German,identity, 11 000100000 000
God,identity, 11 000000100 000
Hindu,identity, 11 000000100 000
Hispanic_American,identity, 11 100100000 000
Jew,identity, 11 000000100 000
Marine_Corps_enlistee,identity, 11 000100000 001
Marine_Corps_officer,identity, 11 000100000 001
Marine_Corps_reservist,identity, 11 000100000 001
Muslim,identity, 11 000000000 001
Navy_enlistee,identity, 11 000100000 001
Navy_officer,identity, 11 000100000 001
Navy_reservist,identity, 11 000100000 001
Protestant,identity, 11 000000100 000
Turk,identity, 11 100100000 000
abortionist,identity, 11 000001001 011
academic,identity, 11 000010000 000
accomplice,identity, 11 001000000 000
accountant,identity, 11 010000000 000
accounting_clerk,identity, 11 010000000 000
accused,identity, 11 001000000 000
acquaintance,identity, 11 100000000 000
actor,identity, 11 010000000 000
addict,identity, 11 101001000 000
adolescent,identity, 11 100000010 000
adopted_child,identity, 11 000000010 000
adopted_daughter,identity, 01 000000010 000
adult,identity, 11 100000010 000
adulterer,identity, 10 000000011 001
adulteress,identity, 01 000000011 001
advertising_copy_writer,identity, 11 010000000 000
advertising_executive,identity, 11 010000000 000
agnostic,identity, 11 000000100 000
aide,identity, 11 011110000 000
airline_pilot,identity, 11 010000000 000
alcoholic,identity, 11 100001000 000
ally,identity, 11 100100000 000
alumnus,identity, 11 000010000 000
ambassador,identity, 11 000100000 000
anesthetist,identity, 11 000001000 001
angel,identity, 11 100000100 000
anti_Semite,identity, 11 100100100 000
applicant,identity, 11 010010000 000
apprentice,identity, 11 010000000 000
architect,identity, 11 010000000 000
army_chaplain,identity, 11 000100100 000
army_general,identity, 11 000100000 000
arsonist,identity, 11 001000000 000
artist,identity, 11 110010000 000
ass,identity, 11 100000000 000
assailant,identity, 11 001000000 001
assassin,identity, 11 001100000 001
assembly_line_worker,identity, 11 010000000 000
assistant,identity, 11 110001000 000
astrologer,identity, 11 100000100 000
astronaut,identity, 11 000100000 000
atheist,identity, 11 000000100 000
athlete,identity, 11 010010000 001
attorney,identity, 11 001000000 000
attorney_general,identity, 11 001100000 000
auctioneer,identity, 11 010000000 000
auditor,identity, 11 010000000 000
auditor_general,identity, 11 000100000 000
aunt,identity, 01 000000010 000
author,identity, 11 010010000 000
authority,identity, 11 011111100 000
autistic_person,identity, 11 000001000 000
auto_mechanic,identity, 11 010000000 000
automobile_assembler,identity, 11 010000000 000
baby,identity, 11 100001010 001
babysitter,identity, 11 000000010 011
bachelor,identity, 10 000000011 000
backstabber,identity, 11 100100000 000
bailiff,identity, 10 001000000 001
bailsman,identity, 11 001000000 000
baker,identity, 11 010000000 000
bandit,identity, 11 001000000 000
bank_manager,identity, 11 010000000 000
bank_teller,identity, 11 010000000 000
banker,identity, 11 010000000 001
barber,identity, 11 010000000 001
bartender,identity, 11 010000000 000
bastard,identity, 11 100000010 000
battered_woman,identity, 01 101000010 001
beautician,identity, 11 010000000 001
beauty,identity, 01 100000000 001
beggar,identity, 11 100000000 000
beginner,identity, 11 100000000 000
bellhop,identity, 11 010000000 000
benefactor,identity, 11 010100000 000
best_friend,identity, 11 100000000 000
best_man,identity, 10 000000010 000
big_shot,identity, 11 100000000 000
bigamist,identity, 11 001000011 011
bigot,identity, 11 100000000 000
bill_collector,identity, 11 010000000 000
biologist,identity, 11 010010000 000
bisexual,identity, 11 000000001 001
bitch,identity, 01 100000000 000
blabbermouth,identity, 11 100000000 000
blacksmith,identity, 11 010000000 000
blind_date,identity, 11 000000001 001
blind_person,identity, 11 100001000 010
blockhead,identity, 11 100000000 000
blonde,identity, 01 100000001 000
blood_donor,identity, 11 000001000 001
blue_collar_worker,identity, 11 010000000 000
board_director,identity, 10 010000000 000
boarder,identity, 11 010000000 000
bodyguard,identity, 11 001100000 001
bohemian,identity, 11 100000000 000
bonehead,identity, 11 100000000 000
bookie,identity, 11 011000000 000
bookkeeper,identity, 11 010000000 000
bookworm,identity, 11 000010000 000
boor,identity, 11 100000000 000
bore,identity, 11 100000000 000
born_again_Christian,identity, 11 000000100 100
boss,identity, 11 010000000 000
bouncer,identity, 10 010000000 001
boxer,identity, 10 010000000 001
boy,identity, 10 100000010 000
boy_scout,identity, 10 100000000 000
boyfriend,identity, 10 000000001 001
braggart,identity, 11 100000000 000
brain,identity, 11 000010000 000
brat,identity, 11 100000010 000
breadwinner,identity, 11 000000010 000
bricklayer,identity, 11 010000000 000
bride,identity, 01 000000010 001
bridegroom,identity, 10 000000010 001
bridesmaid,identity, 01 000000010 000
broad,identity, 01 100000000 000
brother,identity, 10 000000010 000
brother_in_law,identity, 10 000000010 000
brunette,identity, 01 100000001 000
brute,identity, 10 100000000 001
buddy,identity, 11 100000000 000
buffoon,identity, 11 100000000 000
building_contractor,identity, 11 010000000 000
bulldozer_operator,identity, 11 010000000 000
bully,identity, 11 100000000 001
bum,identity, 11 100000000 000
bureaucrat,identity, 11 011101000 000
burglar,identity, 11 011000000 000
bus_driver,identity, 11 010000000 000
busboy,identity, 10 010000000 000
businessman,identity, 10 010000000 000
businesswoman,identity, 01 010000000 000
busybody,identity, 11 100000000 000
butcher,identity, 11 010000000 000
bystander,identity, 11 100000000 000
cabinet_maker,identity, 11 010000000 000
cabinet_member,identity, 11 000100000 000
cad,identity, 10 100000000 000
call_girl,identity, 01 000000001 001
capitalist,identity, 11 010000000 000
captive,identity, 11 001100000 001
carpenter,identity, 11 010000000 000
cashier,identity, 11 010000000 000
celebrity,identity, 11 110000000 000
cement_worker,identity, 11 010000000 000
censor,identity, 11 000100000 000
chain_smoker,identity, 11 100000000 100
chairman,identity, 11 011100000 000
chairman_of_the_board,identity, 10 010000000 000
chairwoman,identity, 01 011110000 000
chambermaid,identity, 01 010000000 000
champion,identity, 11 100010000 001
chap,identity, 10 100000000 000
chaplain,identity, 11 000000100 000
chatterbox,identity, 11 100000000 000
chauffeur,identity, 11 010100000 000
cheat,identity, 11 110000000 000
cheerleader,identity, 11 010010000 000
chef,identity, 11 010000000 000
chemical_engineer,identity, 10 010000000 000
chemist,identity, 11 010010000 000
chief_operations_officer,identity, 10 010000000 000
child,identity, 11 100000010 000
child_molester,identity, 11 001000011 001
chiropractor,identity, 11 000001000 001
chum,identity, 11 100000000 000
church_deacon,identity, 11 000000100 000
citizen,identity, 11 000100000 000
city_councilor,identity, 11 000100000 000
civil_engineer,identity, 10 010000000 000
civil_servant,identity, 11 001100000 000
classmate,identity, 11 000010000 000
cleaning_woman,identity, 01 111011010 000
clergy,identity, 11 000000100 000
clerical_worker,identity, 11 011010000 000
clerk,identity, 11 011000000 000
client,identity, 11 011000000 000
clod,identity, 11 100000000 000
clown,identity, 11 100000000 000
co_worker,identity, 11 010000000 000
coach,identity, 11 010010000 001
coal_miner,identity, 10 010000000 000
collaborator,identity, 11 000100000 000
colleague,identity, 11 000011000 000
college_student,identity, 11 000010000 000
comedian,identity, 11 100000000 000
commentator,identity, 11 010100000 000
commissioned_officer,identity, 10 000100000 000
commissioner,identity, 11 000100000 000
communist,identity, 11 000100000 000
companion,identity, 11 100000000 000
competitor,identity, 11 110110000 000
computer_programmer,identity, 11 010010000 000
con_artist,identity, 11 101000000 000
confidant,identity, 11 100000000 000
conformist,identity, 11 100000000 000
connoisseur,identity, 11 100000000 000
conservative,identity, 11 000100000 000
construction_contractor,identity, 10 010000000 000
construction_foreman,identity, 11 010000000 000
construction_laborer,identity, 11 010000000 000
consultant,identity, 11 011111000 000
consumer,identity, 11 010000000 000
convict,identity, 11 001000000 001
cook,identity, 11 010000000 000
cop,identity, 11 001000000 001
copycat,identity, 11 100000000 000
coroner,identity, 11 001001000 000
counselor,identity, 11 111111100 000
cousin,identity, 11 000000010 000
coward,identity, 11 100000000 000
craftsman,identity, 11 010000000 000
crane_operator,identity, 11 010000000 000
creditor,identity, 11 010000000 000
criminal,identity, 11 001000000 000
cripple,identity, 11 100001000 000
critic,identity, 11 100110000 000
crook,identity, 11 011000000 000
crybaby,identity, 11 100000000 000
culprit,identity, 11 001000000 010
custodian,identity, 11 010000000 000
customer,identity, 11 010000000 000
customs_officer,identity, 11 011000000 000
cutthroat,identity, 10 011100000 000
cynic,identity, 11 100110000 000
dairy_farmer,identity, 11 010000000 000
daredevil,identity, 11 100000000 000
daughter,identity, 01 000000010 000
daughter_in_law,identity, 01 000000010 000
deadbeat,identity, 11 010000000 000
deadbeat_dad,identity, 10 001000010 000
decorator,identity, 11 010000000 000
defendant,identity, 11 001000000 000
defense_attorney,identity, 11 001000000 000
degenerate,identity, 11 100001001 001
delinquent,identity, 11 001000000 000
dental_assistant,identity, 01 000001000 001
dental_hygienist,identity, 01 000001000 001
dentist,identity, 11 000001000 001
deputy,identity, 11 001000000 001
detective,identity, 11 001000000 001
devil,identity, 11 100000100 000
dietitian,identity, 11 010001000 000
dimwit,identity, 11 100000000 000
diner,identity, 11 010000000 000
diplomat,identity, 11 000100000 000
disabled_person,identity, 11 000001000 000
disciplinarian,identity, 11 000010110 001
dishwasher,identity, 11 010000000 000
district_attorney,identity, 11 001000000 000
divorce_lawyer,identity, 11 001000010 000
divorcee,identity, 01 000000010 000
do_nothing,identity, 11 110000000 000
doctor,identity, 11 000001000 101
doll,identity, 01 100000000 000
dolt,identity, 11 100000000 000
dope,identity, 11 100000000 000
drag_queen,identity, 10 000000001 000
dropout,identity, 11 000010000 000
drug_addict,identity, 11 001001000 000
drug_dealer,identity, 11 111000000 000
drunk,identity, 11 100000000 000
drunkard,identity, 11 100000000 000
dummy,identity, 11 100000000 000
dunce,identity, 11 000010000 000
economist,identity, 11 010010000 000
editor,identity, 11 010010000 000
educator,identity, 11 000010000 000
electrical_engineer,identity, 11 010000000 000
electrical_linesman,identity, 11 010000000 000
electrician,identity, 11 010000000 000
elementary_school_student,identity,11 000010000 000
elementary_school_teacher,identity,11 000010000 000
employee,identity, 11 010000000 000
employer,identity, 11 010000000 000
enemy,identity, 11 100100000 001
engineer,identity, 11 010000000 000
entrepreneur,identity, 11 010000000 000
environmentalist,identity, 11 110100000 000
evangelist,identity, 11 000000100 000
evildoer,identity, 11 000000100 000
ex_boyfriend,identity, 10 000000001 000
ex_convict,identity, 11 001000000 000
ex_girlfriend,identity, 01 000000001 000
ex_husband,identity, 10 000000011 000
ex_wife,identity, 01 000000011 000
executioner,identity, 11 001000000 001
executive,identity, 11 010000000 000
expert,identity, 11 011111000 000
extrovert,identity, 11 100000000 000
eyewitness,identity, 11 001000000 000
failure,identity, 11 110110000 100
fan,identity, 11 100000000 000
fanatic,identity, 11 100100000 000
farm_laborer,identity, 11 010000000 000
farmer,identity, 11 010000000 000
fast_food_server,identity, 11 010000000 000
father,identity, 10 000000010 001
father_in_law,identity, 10 000000010 000
fellow,identity, 10 100000000 000
felon,identity, 11 001000000 001
female,identity, 01 100000001 000
feminist,identity, 11 000100000 000
fiance,identity, 10 000000010 001
fiancee,identity, 01 000000010 001
fiend,identity, 11 000001101 000
fighter,identity, 11 100000000 001
file_clerk,identity, 11 010000000 000
film_star,identity, 11 010000000 000
firefighter,identity, 10 101000000 001
firstborn,identity, 11 000000010 000
fisherman,identity, 11 110000000 000
flight_attendant,identity, 11 010000000 000
flirt,identity, 11 000000001 000
flunky,identity, 11 110100000 000
follower,identity, 11 100100100 000
fool,identity, 11 100000000 000
foreigner,identity, 11 000100000 000
foreman,identity, 11 010000000 000
foster_child,identity, 11 000000010 001
foster_father,identity, 10 000000010 000
foster_mother,identity, 01 000000010 000
foster_parent,identity, 11 000000010 001
freak,identity, 11 100000000 000
freeloader,identity, 11 110100000 100
friend,identity, 11 100000000 000
fugitive,identity, 11 001000000 001
funeral_director,identity, 11 010000000 000
gal,identity, 01 100000000 000
gambler,identity, 11 110000000 000
gamer,identity, 11 100000000 000
gangster,identity, 10 011000000 000
garbage_collector,identity, 11 010000000 000
gas_station_attendant,identity,11 010000000 000
gay,identity, 11 000000001 000
geek,identity, 11 100010000 000
genius,identity, 11 000010000 000
gentleman,identity, 10 100000000 000
girl,identity, 01 100000001 000
girl_scout,identity, 01 100000000 000
girlfriend,identity, 01 000000001 001
glutton,identity, 11 100000000 000
gold_digger,identity, 01 010000001 000
golfer,identity, 11 100000000 000
goon,identity, 10 100000000 000
gossip,identity, 11 100000000 000
governor,identity, 11 000100000 000
graduate_student,identity, 11 000010000 000
grandchild,identity, 11 000000010 001
granddaughter,identity, 01 000000010 001
grandfather,identity, 10 000000010 001
grandmother,identity, 01 000000010 001
grandparent,identity, 11 000000010 001
grandson,identity, 10 000000010 001
granny,identity, 01 000000010 000
grind,identity, 11 000010000 000
grouch,identity, 11 100000000 000
grownup,identity, 11 000000010 000
guest,identity, 11 100000010 000
gunman,identity, 10 001000000 001
guy,identity, 10 100000000 000
half_brother,identity, 10 000000010 000
half_sister,identity, 01 000000010 000
half_wit,identity, 11 100000000 000
handicapped_person,identity, 11 001001000 000
handyman,identity, 10 110000000 000
has_been,identity, 11 010110000 000
heel,identity, 11 100000000 000
helper,identity, 11 110111000 000
henchman,identity, 10 001000000 001
hermit,identity, 11 100000000 000
hero,identity, 10 100000000 000
heterosexual,identity, 11 000000001 000
hick,identity, 11 100000000 000
hillbilly,identity, 11 100000000 000
hippie,identity, 11 100000000 000
hipster,identity, 11 100000000 000
homeless_person,identity, 11 100000000 000
homosexual,identity, 11 000000001 000
hooker,identity, 01 011000001 001
host,identity, 10 100000000 000
hostage,identity, 11 001100000 001
hostess,identity, 01 100000000 000
hothead,identity, 11 100000000 000
hotshot,identity, 11 100000000 000
housebreaker,identity, 11 001000000 000
houseguest,identity, 11 000000010 000
housekeeper,identity, 11 010000010 000
housewife,identity, 01 000000010 000
hunk,identity, 10 100000001 000
husband,identity, 10 000000011 001
hypochondriac,identity, 11 000001000 000
hypocrite,identity, 11 100000000 000
idiot,identity, 11 100000000 000
illegitimate_child,identity, 11 000000010 000
imbecile,identity, 11 100000000 000
immigrant,identity, 11 000100000 000
immigration_officer,identity, 11 001000000 000
in_law,identity, 11 000000010 000
infant,identity, 11 000001010 001
informant,identity, 11 001100000 000
informer,identity, 11 001000000 000
inmate,identity, 11 001000000 001
innocent,identity, 11 100000000 000
insider,identity, 11 010100000 000
inspector,identity, 11 001000000 001
instructor,identity, 11 000010000 000
insurance_agent,identity, 11 010000000 000
insurance_claims_investigator,identity,11 010000000 000
intellectual,identity, 11 100010000 000
intern,identity, 11 000001000 001
interpreter,identity, 11 100100000 000
interrogator,identity, 11 001000000 000
interviewer,identity, 11 010100000 000
intimate,identity, 11 000000001 001
introvert,identity, 11 100000000 000
intruder,identity, 11 101000000 000
invalid,identity, 11 000001000 001
investigator,identity, 11 001000000 000
jackass,identity, 11 100000000 000
janitor,identity, 11 010000000 000
jerk,identity, 11 100000000 000
jeweler,identity, 11 010000000 000
job_seeker,identity, 11 010000000 000
jock,identity, 11 000010000 000
journalist,identity, 11 010100000 000
judge,identity, 11 001000000 000
junkie,identity, 11 101000000 000
juror,identity, 11 001000000 001
juvenile,identity, 11 001000010 000
kid,identity, 11 100000000 000
kidnapper,identity, 11 001000000 001
killjoy,identity, 11 100000000 000
klutz,identity, 11 100000000 000
know_it_all,identity, 11 100000000 000
kook,identity, 11 100000000 000
labor_union_leader,identity, 10 010000000 000
laborer,identity, 11 010000000 000
lackey,identity, 11 110100100 000
lady,identity, 01 100000000 000
laid_off_worker,identity, 11 010000000 000
landlady,identity, 01 010000000 000
landlord,identity, 10 010000000 000
law_student,identity, 11 001010000 000
lawyer,identity, 11 001000000 000
leader,identity, 11 110100100 000
lecturer,identity, 11 000010000 000
lesbian,identity, 01 000000001 000
liar,identity, 11 100000000 000
liberal,identity, 11 000100000 000
librarian,identity, 11 000010000 000
library_assistant,identity, 11 000010000 000
little_brother,identity, 10 000000010 000
little_sister,identity, 01 000000010 000
loafer,identity, 11 110000000 000
loan_shark,identity, 11 010000000 000
lobbyist,identity, 11 000100000 000
logger,identity, 10 010000000 000
loner,identity, 11 100000000 000
loser,identity, 11 100000000 000
louse,identity, 11 100000000 000
lout,identity, 11 100000000 000
lover,identity, 11 000000001 001
lunatic,identity, 11 100001000 000
machine_operator_in_a_factory,identity,11 010000000 000
machine_repairer,identity, 11 010000000 000
madman,identity, 10 100001000 000
mafioso,identity, 10 011000000 000
magician,identity, 11 010000100 000
maid,identity, 01 010000000 000
maiden,identity, 01 100000000 000
mail_carrier,identity, 11 010000000 000
malcontent,identity, 11 110010000 000
male,identity, 10 100000001 000
malingerer,identity, 11 110010000 000
man,identity, 10 100000001 000
manager,identity, 11 010000000 000
maniac,identity, 11 100001000 001
marine,identity, 11 000100000 001
mastermind,identity, 11 001100000 000
maverick,identity, 11 100000000 000
mayor,identity, 11 000100000 000
mechanical_engineer,identity, 11 010000000 000
medic,identity, 11 000001000 000
menace,identity, 11 100000000 000
mental_case,identity, 11 100001000 000
mental_patient,identity, 11 000001000 001
mentor,identity, 11 011111100 000
merchant,identity, 11 010000000 000
midget,identity, 11 100000000 000
migrant_worker,identity, 11 010000000 000
millionaire,identity, 11 010000000 000
miner,identity, 10 010000000 000
minister,identity, 11 000000100 000
minor,identity, 11 001000000 000
miser,identity, 11 100000000 000
missionary,identity, 11 000000100 000
mistress,identity, 01 000000001 001
mobster,identity, 10 011000000 000
moron,identity, 11 100000000 000
motel_owner,identity, 11 010000000 000
mother,identity, 01 000000010 001
mother_in_law,identity, 01 000000010 000
mourner,identity, 11 000000100 100
mugger,identity, 10 001000000 001
murderer,identity, 11 001000000 001
murderess,identity, 01 001000000 000
musician,identity, 11 010010000 000
myself_as_I_really_am,identity, 11 100000000 110
myself_as_others_see_me,identity, 11 100000000 101
negotiator,identity, 11 010100000 000
neighbor,identity, 11 100000000 000
nephew,identity, 10 000000010 000
neurotic,identity, 11 000001000 000
newcomer,identity, 11 100000000 000
newlywed,identity, 11 000000011 000
newscaster,identity, 11 010100000 000
niece,identity, 01 000000010 000
night_watchman,identity, 10 011000000 000
ninny,identity, 11 100000000 000
nitwit,identity, 11 100000000 000
nobody,identity, 11 100000000 000
nonconformist,identity, 11 100000000 000
nonsmoker,identity, 11 100001000 000
novice,identity, 11 010100100 000
nurse,identity, 11 000001000 001
nut,identity, 11 100000000 000
nutritionist,identity, 11 010001000 000
oddball,identity, 11 100000000 000
offender,identity, 11 001000000 000
old_geezer,identity, 10 100000000 100
onlooker,identity, 11 100000000 000
ophthalmologist,identity, 11 000001000 000
opponent,identity, 11 100100000 000
opportunist,identity, 11 110100000 000
optimist,identity, 11 100000000 000
organizer,identity, 11 110100100 000
orphan,identity, 11 000000010 000
outlaw,identity, 11 001000000 000
outsider,identity, 11 100000000 000
pagan,identity, 11 000000100 000
pal,identity, 11 100000000 000
paranoid,identity, 11 100001000 000
parent,identity, 11 000000010 001
parking_attendant,identity, 11 010000000 000
parolee,identity, 11 001000000 000
part_time_employee,identity, 11 010000000 000
partner,identity, 11 111000001 000
passenger,identity, 11 010000000 000
passerby,identity, 11 100000000 000
pastor,identity, 11 000000100 000
patient,identity, 11 000001000 001
patriot,identity, 11 000100000 000
patrolman,identity, 11 001000000 001
pawnbroker,identity, 11 010000000 000
pedestrian,identity, 11 100000000 000
pediatrician,identity, 11 000001000 001
peer,identity, 11 100100000 000
person,identity, 11 100000000 000
pessimist,identity, 11 100000000 000
pest,identity, 11 100000000 000
pharmacist,identity, 11 010001000 000
philanthropist,identity, 11 100000000 000
philosopher,identity, 11 000010000 000
phony,identity, 11 100000000 000
photographer,identity, 11 010000000 000
physician,identity, 11 000001000 001
physicist,identity, 11 000010000 000
pickpocket,identity, 11 001000000 000
pimp,identity, 10 011000001 000
plaintiff,identity, 11 001000000 000
playboy,identity, 10 100000001 000
plumber,identity, 11 010000000 000
police_officer,identity, 11 001000000 001
policeman,identity, 10 001000000 001
policewoman,identity, 01 001000000 001
politician,identity, 11 000100000 000
pornographer,identity, 11 010000001 000
pothead,identity, 11 100000000 000
preacher,identity, 11 000000100 000
president,identity, 11 000100000 000
priest,identity, 10 000000100 000
principal,identity, 11 000010000 000
prisoner,identity, 11 001000000 000
private_eye,identity, 11 001000000 001
probation_officer,identity, 11 001000000 000
probationer,identity, 11 001000000 000
prodigy,identity, 11 000010000 000
professional,identity, 11 011111000 000
professor,identity, 11 000010000 000
prosecuting_attorney,identity, 11 001000000 001
prosecutor,identity, 11 001000000 000
prostitute,identity, 01 010000001 001
prude,identity, 11 000000001 000
psychiatrist,identity, 11 000001000 000
psychoanalyst,identity, 11 000001000 000
psychologist,identity, 11 000011000 000
psychopath,identity, 11 001001000 000
psychotic,identity, 11 000001000 000
punk,identity, 10 100000000 000
pupil,identity, 11 000010000 000
puritan,identity, 11 000000101 000
pusher,identity, 11 101000000 000
quack,identity, 11 000001000 000
queer,identity, 11 000000001 000
rabbi,identity, 10 000000100 000
racist,identity, 11 100100000 000
racketeer,identity, 11 011000000 000
railroad_conductor,identity, 11 010000000 000
railroad_engineer,identity, 11 010000000 000
rake,identity, 10 000000001 001
rancher,identity, 11 010000000 000
rapist,identity, 10 001000001 001
rat,identity, 11 100000000 000
real_estate_agent,identity, 11 010000000 000
receptionist,identity, 11 011001000 000
redneck,identity, 10 100000000 000
referee,identity, 11 010010000 001
relation,identity, 11 000000010 000
relative,identity, 11 000000010 000
reporter,identity, 11 010100000 000
republican,identity, 11 000100000 000
researcher,identity, 11 000011000 000
reservist,identity, 11 000100000 000
restaurant_operator,identity, 11 010000000 000
retailer,identity, 11 010000000 000
retiree,identity, 11 110000010 000
ringleader,identity, 11 001000000 000
rival,identity, 11 100100001 000
robber,identity, 11 011000000 000
roofer,identity, 11 010000000 000
rookie_cop,identity, 11 001000000 001
roommate,identity, 11 000010000 000
runaway,identity, 11 000000010 000
sadist,identity, 11 000000001 001
safecracker,identity, 11 001000000 000
saint,identity, 11 000000100 000
salesclerk,identity, 11 010000000 000
salesperson,identity, 11 010000000 000
scapegoat,identity, 11 100100000 000
scatterbrain,identity, 11 100000000 000
schizophrenic,identity, 11 000001000 001
scholar,identity, 11 000010000 000
scientist,identity, 11 010010000 000
scoundrel,identity, 11 100000000 000
scrooge,identity, 11 110000000 000
secretary,identity, 11 011100000 000
security_guard,identity, 11 011110000 000
self_employed_worker,identity, 11 010000000 000
senator,identity, 11 000100000 000
senior_citizen,identity, 11 100100000 000
servant,identity, 11 010000000 000
server,identity, 11 010000000 000
sewing_machine_operator,identity,11 010000000 000
sheet_metal_worker,identity, 11 010000000 000
sheriff,identity, 11 001000000 001
ship_captain,identity, 11 010000000 000
ship_engineer,identity, 11 010000000 000
shoe_repairman,identity, 11 010000000 000
shop_clerk,identity, 11 010000000 000
shopkeeper,identity, 11 010000000 000
shoplifter,identity, 11 011000000 000
shopper,identity, 11 010000000 100
shrew,identity, 01 100000000 000
shrimp,identity, 11 100000000 000
shrink,identity, 11 000001000 000
shut_in,identity, 11 000001010 000
shyster,identity, 11 001000000 000
sibling,identity, 11 000000010 000
sidekick,identity, 11 100000000 000
simpleton,identity, 11 100000000 000
single_parent,identity, 11 000000010 000
sinner,identity, 11 000000100 000
sissy,identity, 11 100000000 000
sister,identity, 01 000000010 000
sister_in_law,identity, 01 000000010 000
skeptic,identity, 11 100110100 000
skilled_worker,identity, 11 010000000 000
slave,identity, 11 010100000 101
slave_driver,identity, 11 010100000 001
sleuth,identity, 11 001000000 000
slob,identity, 11 100000000 000
slut,identity, 01 000000001 001
smart_aleck,identity, 11 100000000 000
smoker,identity, 11 100001000 100
snob,identity, 11 100000000 000
snoop,identity, 11 100000000 000
snot,identity, 11 100000000 000
social_worker,identity, 11 001001000 000
socialist,identity, 11 000100000 000
soldier,identity, 11 000100000 001
son,identity, 10 000000010 000
son_in_law,identity, 10 000000010 000
sophisticate,identity, 11 100000001 000
sophomore,identity, 11 000010000 000
sorehead,identity, 11 100000000 000
soulmate,identity, 11 000000011 000
specialist,identity, 11 011011000 000
spectator,identity, 11 100000000 000
speeder,identity, 11 001000000 000
spoilsport,identity, 11 100000000 000
sports_fan,identity, 11 110010000 100
spouse,identity, 11 000000011 000
spy,identity, 11 000100000 000
star,identity, 11 010010000 000
state_trooper,identity, 11 001000000 001
statistician,identity, 11 010010000 000
steel_worker,identity, 10 010000000 000
stenographer,identity, 11 011000000 000
stepbrother,identity, 10 000000010 000
stepchild,identity, 11 000000010 000
stepdaughter,identity, 01 000000010 000
stepfather,identity, 10 000000010 000
stepmother,identity, 01 000000010 000
stepparent,identity, 11 000000010 000
stepsister,identity, 01 000000010 000
stepson,identity, 10 000000010 000
stockbroker,identity, 11 010000000 000
stockholder,identity, 11 010000000 000
storyteller,identity, 11 100000000 000
stranger,identity, 11 100000000 000
street_musician,identity, 11 010000000 000
streetwalker,identity, 01 011000001 001
stripper,identity, 01 010000001 000
student,identity, 11 000010000 000
student_teacher,identity, 11 000010000 000
subordinate,identity, 11 011100000 000
sucker,identity, 11 100000000 000
superior,identity, 11 011100100 000
superordinate,identity, 11 011100000 000
supervisor,identity, 11 011111100 000
supporter,identity, 11 000100100 000
surgeon,identity, 11 000001000 001
survivor,identity, 11 100000000 000
suspect,identity, 11 001000000 000
sweetheart,identity, 11 000000001 000
systems_engineer,identity, 11 010000000 000
tailor,identity, 11 010000000 000
taxi_driver,identity, 11 010000000 000
taxpayer,identity, 11 000100000 000
teacher,identity, 11 000010000 000
teammate,identity, 11 010111000 001
tease,identity, 11 100000001 000
technician,identity, 11 010001000 000
teenager,identity, 11 100000000 000
teetotaler,identity, 11 100000000 000
telemarketer,identity, 11 010000000 000
telephone_operator,identity, 11 010000000 000
temporary_worker,identity, 11 010000000 000
tenant,identity, 11 010000000 000
terrorist,identity, 11 001100000 000
textile_worker,identity, 11 010000000 000
thief,identity, 11 011000000 000
thug,identity, 11 101000000 001
toddler,identity, 11 100000010 001
tomboy,identity, 01 100000000 000
tool_and_die_maker,identity, 11 010000000 000
topless_dancer,identity, 01 010000001 000
tot,identity, 11 000000010 001
tourist,identity, 11 110000000 000
trainee,identity, 11 011111100 000
traitor,identity, 11 100100000 000
tramp,identity, 11 100000000 000
travel_agent,identity, 11 010000000 000
traveler,identity, 11 110000000 000
trespasser,identity, 11 011000000 000
troublemaker,identity, 11 100000000 000
truant,identity, 11 000010000 000
truck_driver,identity, 11 010000000 000
truelove,identity, 11 000000001 000
tutor,identity, 11 000010000 000
tv_repairman,identity, 11 010000000 000
typist,identity, 11 011011000 000
uncle,identity, 10 000000010 000
underachiever,identity, 11 010010000 100
underdog,identity, 11 100100000 000
undergraduate,identity, 11 000010000 000
undertaker,identity, 11 010000000 000
unemployed_person,identity, 11 010000000 000
union_member,identity, 11 010000000 000
university_student,identity, 11 000010000 000
vagrant,identity, 11 110000000 000
vandal,identity, 11 001000000 000
veterinarian,identity, 11 000001000 000
victim,identity, 11 101000001 000
vigilante,identity, 11 001000000 001
villain,identity, 11 001000000 000
vip,identity, 11 011100000 000
virgin,identity, 01 000000001 000
visitor,identity, 11 100000000 000
voter,identity, 11 000100000 000
wage_earner,identity, 11 010000000 000
waiter,identity, 11 010000000 000
waitress,identity, 01 010000000 000
wallflower,identity, 01 100000000 000
warden,identity, 11 001000000 000
watchman,identity, 10 011000000 000
weakling,identity, 11 100000000 000
weirdo,identity, 11 100000000 000
welder,identity, 11 010000000 000
white_collar_worker,identity, 11 010000000 000
white_supremacist,identity, 11 000100000 000
wholesaler,identity, 11 010000000 000
whore,identity, 01 011000001 001
widow,identity, 01 000000010 000
widower,identity, 10 000000010 000
wife,identity, 01 000000011 001
wife_abuser,identity, 10 001000010 001
windbag,identity, 11 100000000 000
winner,identity, 11 100100000 000
witness,identity, 11 001000000 000
woman,identity, 01 100000001 000
womanizer,identity, 10 000000001 101
worker,identity, 11 010000000 010
writer,identity, 11 110010000 100
youngster,identity, 11 100000010 000
abandon,behavior, 01 111111110 000
abduct,behavior, 10 101100001 011
abet,behavior, 10 001000000 010
abhor,behavior, 01 111111110 000
abuse,behavior, 10 101000011 100
accept,behavior, 01 111111111 010
acclaim,behavior, 10 000100000 010
accommodate,behavior, 10 111111111 000
accost,behavior, 10 101000001 001
accuse,behavior, 10 111111111 010
acknowledge,behavior, 10 111111110 010
address,behavior, 10 111111110 010
admire,behavior, 01 111111111 100
admit,behavior, 10 111111111 010
admonish,behavior, 10 011111111 000
adopt,behavior, 10 000000010 010
adore,behavior, 01 000000111 000
advise,behavior, 10 011111110 000
aggravate,behavior, 01 111111111 100
agitate,behavior, 01 111111111 100
agree_with,behavior, 10 111111111 000
aid,behavior, 10 111111111 000
alarm,behavior, 01 111111111 000
alert,behavior, 10 010101000 000
alienate,behavior, 01 111111110 010
amaze,behavior, 01 111111111 000
amuse,behavior, 11 111111111 100
analyze,behavior, 10 011111110 100
anger,behavior, 01 111111111 000
annihilate,behavior, 10 000100000 001
annoy,behavior, 01 111111111 000
answer,behavior, 10 111111111 000
antagonize,behavior, 01 111111111 000
apologize_to,behavior, 10 111111111 000
appeal_to,behavior, 10 111111111 000
appease,behavior, 10 011110110 000
applaud,behavior, 10 111111111 010
appoint,behavior, 10 000100000 010
appreciate,behavior, 01 111111101 000
apprehend,behavior, 10 001000000 001
approach,behavior, 10 111111111 010
approve_of,behavior, 01 111111111 100
argue_with,behavior, 10 111111111 000
arm,behavior, 10 001100000 110
arouse,behavior, 01 000000001 101
arrest,behavior, 10 001000000 001
ask,behavior, 10 111111111 000
ask_about,behavior, 01 111111111 010
ask_about_something,behavior, 10 111111111 000
assail,behavior, 10 001100110 001
assassinate,behavior, 10 000100000 011
assault,behavior, 10 001000000 001
assess,behavior, 01 111111111 000
assist,behavior, 10 111111111 000
assure,behavior, 10 111111111 000
astonish,behavior, 01 111111111 000
astound,behavior, 01 111111111 000
attack,behavior, 10 001100010 001
attend_to,behavior, 10 100000001 000
attract,behavior, 01 100000001 010
authorize,behavior, 10 011111100 010
avenge,behavior, 01 100100000 010
avoid,behavior, 01 111111110 010
awaken,behavior, 10 100000000 000
awe,behavior, 01 111111111 000
babble_to,behavior, 10 111111111 100
baby,behavior, 10 000000010 100
back,behavior, 10 010100000 010
backstab,behavior, 01 011110000 010
badger,behavior, 10 111111111 100
bait,behavior, 01 111100100 000
ban,behavior, 10 010100110 010
banish,behavior, 10 000100000 010
bankrupt,behavior, 10 010000000 010
banter_with,behavior, 10 110111011 000
baptize,behavior, 10 000000100 000
bargain_with,behavior, 10 111111111 000
barricade,behavior, 10 000100000 010
barter_with,behavior, 10 011100000 000
bash,behavior, 10 101000010 001
bathe,behavior, 10 000001011 101
bawl_out,behavior, 10 111111111 000
be_sarcastic_toward,behavior, 10 100010011 000
beat,behavior, 10 001100010 001
beat_up,behavior, 10 001000010 001
beckon_to,behavior, 10 110010110 000
befriend,behavior, 01 100100000 000
befuddle,behavior, 01 111111111 100
beg,behavior, 10 111111111 000
begrudge,behavior, 01 100100000 010
believe,behavior, 01 111111111 000
belittle,behavior, 10 111111111 100
bequeath_to,behavior, 10 001000010 010
berate,behavior, 10 111111111 100
beseech,behavior, 10 111111111 000
bestow_something_to,behavior, 10 001000010 000
betray,behavior, 01 001100111 010
bewilder,behavior, 01 111111111 000
bewitch,behavior, 01 000000101 000
bias,behavior, 01 000100000 010
bicker_with,behavior, 10 111111111 000
bill,behavior, 10 010000000 010
bind,behavior, 10 001000001 001
bite,behavior, 10 100000001 001
blackmail,behavior, 10 011100000 010
blame,behavior, 10 111111111 010
bless,behavior, 10 000000100 000
blind,behavior, 10 001001000 001
block,behavior, 01 011100010 000
bluff,behavior, 01 111100010 000
borrow_money_from,behavior, 10 010000000 000
boss,behavior, 10 110101011 000
bother,behavior, 01 111111111 000
bow_to,behavior, 10 010000100 000
box,behavior, 10 110000000 001
break_up_with,behavior, 01 000000001 000
bribe,behavior, 10 011100000 110
brief,behavior, 10 011101000 000
browbeat,behavior, 10 111111111 000
brush_off,behavior, 01 100100001 010
brutalize,behavior, 10 101100011 001
bug,behavior, 10 100000000 000
bully,behavior, 10 100100011 001
bury,behavior, 10 000100100 000
butter_up,behavior, 01 111111111 000
cajole,behavior, 10 111111111 000
call,behavior, 10 111111111 010
calm,behavior, 01 111111111 100
captivate,behavior, 01 110111111 000
capture,behavior, 10 001100000 011
care_for,behavior, 10 000001000 101
caress,behavior, 10 000000011 001
catch,behavior, 10 001000001 001
caution,behavior, 10 111111111 100
censure,behavior, 10 000100000 010
challenge,behavior, 10 111111111 100
charge,behavior, 10 010000000 000
charm,behavior, 01 111111111 000
chase,behavior, 10 001000001 000
chastise,behavior, 10 111111111 000
chat_with,behavior, 10 111111111 000
chatter_to,behavior, 10 111111111 100
cheat,behavior, 01 011100000 000
cheer,behavior, 10 111111111 110
cheer_up,behavior, 11 100111111 000
chide,behavior, 10 111111111 000
choke,behavior, 10 001000011 001
choose,behavior, 10 110100101 010
cling_to,behavior, 10 000000011 001
club,behavior, 10 001000000 001
coach,behavior, 10 011111111 010
coax,behavior, 01 111111111 100
coddle,behavior, 11 000001011 100
coerce,behavior, 10 111111111 000
collaborate_with,behavior, 10 011111000 010
combat,behavior, 10 001100000 000
comfort,behavior, 11 111111111 100
command,behavior, 10 011111111 000
commend,behavior, 10 011111111 010
compensate,behavior, 10 010100000 010
compete_with,behavior, 10 010110000 010
complain_about,behavior, 10 111111111 010
compliment,behavior, 10 111111111 000
compromise_with,behavior, 10 011100010 000
con,behavior, 01 011111111 000
concur_with,behavior, 10 011111111 010
condemn,behavior, 10 001100000 110
confer_with,behavior, 10 111111111 010
confess_to,behavior, 10 011011111 000
confide_in,behavior, 10 000111111 000
confine,behavior, 10 001101010 001
confound,behavior, 01 111111111 000
confront,behavior, 10 111111111 100
confuse,behavior, 01 111111111 100
congratulate,behavior, 10 111111111 100
consider,behavior, 01 111111111 010
console,behavior, 10 111111111 100
conspire_against,behavior, 10 111100010 010
conspire_with,behavior, 11 010100011 010
constrain,behavior, 10 001001011 101
consult,behavior, 10 111111111 000
contact,behavior, 01 100000000 000
contemplate,behavior, 01 100111000 100
contradict,behavior, 10 111111111 110
control,behavior, 01 011100010 100
converse_with,behavior, 10 111111111 100
convert,behavior, 01 000100100 010
convict,behavior, 10 001000000 010
convince,behavior, 01 111111111 100
cooperate_with,behavior, 10 111111111 000
corner,behavior, 01 001000000 000
correct,behavior, 10 111111111 100
corrupt,behavior, 01 011111111 000
counsel,behavior, 10 011111111 000
court,behavior, 01 100000001 010
cripple,behavior, 10 001001000 001
criticize,behavior, 10 111111111 100
cross_examine,behavior, 10 001000000 010
cry_for,behavior, 10 100000010 000
cuddle,behavior, 10 000000011 001
cue,behavior, 10 111111111 010
cure,behavior, 10 000001000 100
curry_favor_from,behavior, 11 111111111 000
curse,behavior, 10 111111111 100
curtsey_to,behavior, 10 000100110 000
cut,behavior, 10 001001000 101
cut_off_relations_with,behavior,10 000100000 000
cut_the_pay_of,behavior, 10 010000000 000
damn,behavior, 10 100000100 000
dance_with,behavior, 10 100000111 011
dare,behavior, 10 100100001 100
dazzle,behavior, 01 111111111 000
deafen,behavior, 01 001001000 000
debase,behavior, 10 100110111 000
debate_with,behavior, 10 111111110 000
deceive,behavior, 01 111111111 000
decorate,behavior, 10 000100000 010
defame,behavior, 10 011111110 010
defeat,behavior, 10 000100000 010
defend,behavior, 10 111111111 110
defile,behavior, 10 000000001 111
deflate,behavior, 01 111111111 000
defy,behavior, 10 011111110 000
degrade,behavior, 11 111111111 110
delay,behavior, 01 011111110 000
delay_payment_to,behavior, 01 010000000 000
delight,behavior, 01 111111111 100
delude,behavior, 01 111111111 000
demand,behavior, 10 000100000 000
demean,behavior, 10 111111111 100
demoralize,behavior, 01 111110010 000
demote,behavior, 10 010000000 000
denigrate,behavior, 10 111111111 100
denounce,behavior, 10 111111111 010
deny,behavior, 10 001100111 100
deport,behavior, 10 001100000 000
deprave,behavior, 01 000000001 000
deprecate,behavior, 10 111111111 100
depress,behavior, 01 000001100 100
deprive,behavior, 01 011111110 100
deride,behavior, 10 111111111 010
desert,behavior, 01 110100010 010
desire,behavior, 01 000000001 000
desire_sexually,behavior, 11 000000001 011
despise,behavior, 01 111111111 100
destroy,behavior, 10 010111110 010
detain,behavior, 10 011111111 001
deter,behavior, 01 011111111 000
detest,behavior, 01 111111111 000
diagnose,behavior, 10 000001000 000
diddle,behavior, 11 100000000 000
dine_with,behavior, 10 110100111 100
direct,behavior, 10 011111111 000
disable,behavior, 10 001001000 001
disagree_with,behavior, 10 111111111 000
disappoint,behavior, 01 111111111 100
disapprove_of,behavior, 10 111111111 000
disbelieve,behavior, 01 111111111 000
discharge,behavior, 10 001101000 010
discipline,behavior, 10 011111111 100
discomfort,behavior, 01 100001000 000
disconcert,behavior, 01 111111111 000
discourage,behavior, 10 111111111 100
discredit,behavior, 10 111111111 010
discriminate_against,behavior, 01 011111111 010
discuss_something_with,behavior, 10 111111111 000
disenchant,behavior, 01 111111111 100
disgrace,behavior, 01 111111111 010
disillusion,behavior, 01 111111111 000
dislike,behavior, 01 111111111 100
dismay,behavior, 01 111111111 010
dismiss,behavior, 10 001110000 000
disobey,behavior, 10 011111111 000
disparage,behavior, 10 111111111 010
displease,behavior, 01 111111111 100
dispute,behavior, 10 111111111 010
disqualify,behavior, 10 000100000 010
disregard,behavior, 01 111111111 010
disrespect,behavior, 01 111111111 100
dissuade,behavior, 01 111111111 000
distract,behavior, 10 111111111 010
distress,behavior, 01 111111111 100
distrust,behavior, 01 111111111 100
disturb,behavior, 01 111111111 010
divorce,behavior, 10 000000001 010
dominate,behavior, 01 111111111 000
dote_on,behavior, 10 000000010 000
double_cross,behavior, 01 111111111 010
doubt,behavior, 01 111111111 100
draw_near_to,behavior, 10 110000111 000
dress,behavior, 10 000001010 101
drink_with,behavior, 10 110100001 100
drive_out,behavior, 10 011111110 010
drug,behavior, 10 001001000 000
dupe,behavior, 01 111111111 000
eat_with,behavior, 10 100000011 000
educate,behavior, 10 011111111 100
elect,behavior, 10 000100000 000
elude,behavior, 01 111111111 010
embarrass,behavior, 01 111111111 010
embezzle_from,behavior, 01 010000000 000
embrace,behavior, 10 100000011 001
employ,behavior, 10 010000000 000
emulate,behavior, 01 111111111 010
enchant,behavior, 01 100100011 000
encourage,behavior, 10 111111111 100
endanger,behavior, 01 101001000 100
endorse,behavior, 10 010100100 010
endure,behavior, 01 111111111 000
engage,behavior, 10 111111111 010
enjoy,behavior, 01 111111111 100
enrage,behavior, 01 111111111 100
enrapture,behavior, 01 111111111 000
enslave,behavior, 10 000100000 001
ensnare,behavior, 01 010100000 000
entertain,behavior, 01 110110011 100
enthrall,behavior, 01 100110111 100
entice,behavior, 01 111111011 100
entrap,behavior, 01 001100000 000
entreat,behavior, 10 100100011 000
entrust,behavior, 01 000100000 010
envy,behavior, 01 111111111 010
escape,behavior, 10 101100001 000
escort,behavior, 10 001100011 010
esteem,behavior, 01 111111111 100
evade,behavior, 01 001000000 000
evaluate,behavior, 01 111111111 100
evict,behavior, 10 011000000 000
exalt,behavior, 10 110110101 100
examine,behavior, 10 100001011 100
excite,behavior, 01 100000011 101
exclude,behavior, 10 100100001 010
excuse,behavior, 10 111111111 000
execute,behavior, 10 001000000 001
exhaust,behavior, 01 110000011 100
exhibit,behavior, 10 001100011 010
exile,behavior, 10 000100000 010
exonerate,behavior, 10 101100111 010
exorcise,behavior, 10 000000100 000
expel,behavior, 10 111111111 010
experience,behavior, 01 100010101 000
explain_something_to,behavior, 10 111111111 000
exploit,behavior, 01 110100011 000
expose,behavior, 10 011110101 010
exterminate,behavior, 10 000100000 001
extol,behavior, 10 111111111 010
extort,behavior, 10 010000000 010
eye,behavior, 10 100001011 000
fail,behavior, 10 000010000 000
fall_in_love_with,behavior, 01 000000001 000
favor,behavior, 01 100110011 010
fear,behavior, 01 111111111 000
fib_to,behavior, 01 111111111 000
fight,behavior, 10 101100011 001
financially_back,behavior, 10 010100000 010
find,behavior, 10 101000000 010
fine,behavior, 10 001000010 000
fire_from_a_job,behavior, 10 010000000 000
fix,behavior, 01 111100011 000
flatter,behavior, 10 111111111 000
flee,behavior, 10 101100011 000
flirt_with,behavior, 10 000000001 000
flog,behavior, 10 001000000 101
flunk,behavior, 10 000010000 000
fluster,behavior, 01 111111111 000
foil,behavior, 01 001100000 010
follow,behavior, 10 101000011 000
fondle,behavior, 10 000000011 101
fool,behavior, 01 111100011 000
forbid,behavior, 10 011111110 000
force,behavior, 10 001100011 100
forget,behavior, 01 100011011 010
forgive,behavior, 01 100000111 100
forsake,behavior, 01 100100110 000
frame,behavior, 01 011100000 010
free,behavior, 10 001100000 000
frighten,behavior, 01 101000111 100
frisk,behavior, 10 001000000 001
frown_at,behavior, 10 111111111 000
frustrate,behavior, 01 101100011 100
gawk_at,behavior, 10 111111111 000
gaze_at,behavior, 10 100000011 000
get_even_with,behavior, 01 110100010 000
get_to_know,behavior, 10 110111101 000
giggle_at,behavior, 10 100000011 000
giggle_with,behavior, 10 100000011 000
give_a_raise_to,behavior, 10 010000000 000
give_medical_treatment_to,behavior, 10 000001000 000
glance_at,behavior, 10 111111111 010
glare_at,behavior, 10 111111111 000
glorify,behavior, 10 000100100 010
glower_at,behavior, 10 111111111 000
goad,behavior, 01 100100011 000
gossip_with,behavior, 10 111111111 000
grab,behavior, 10 101001011 001
grade,behavior, 10 000010000 000
grapple_with,behavior, 10 101001001 001
grasp,behavior, 10 101001011 001
gratify,behavior, 01 100100011 100
greet,behavior, 10 111111110 000
grieve_for,behavior, 01 000000110 000
grin_at,behavior, 10 110000011 000
grouse_at,behavior, 10 111111111 000
guard,behavior, 10 001100000 010
guide,behavior, 10 111111111 000
haggle_with,behavior, 10 111111111 000
hail,behavior, 10 100100010 000
halt,behavior, 10 001000001 110
handcuff,behavior, 10 001000000 001
harangue,behavior, 10 111111111 000
harass,behavior, 10 101100011 000
harm,behavior, 10 101101011 100
hassle,behavior, 10 101100011 000
hate,behavior, 01 100100000 100
haunt,behavior, 01 100000000 010
have_an_affair_with,behavior, 01 000000001 000
have_sex_with,behavior, 10 000000001 101
haze,behavior, 10 100010100 000
heal,behavior, 10 000001110 100
heckle,behavior, 10 000100110 000
help,behavior, 10 111111111 100
hide,behavior, 01 001000001 110
hide_from,behavior, 01 101100000 010
hinder,behavior, 01 111100000 010
hire,behavior, 10 010000000 000
hit,behavior, 10 101000011 101
hold,behavior, 10 000000011 001
hold_up,behavior, 10 010000000 000
honor,behavior, 10 011110110 010
hoodwink,behavior, 01 111100000 000
horrify,behavior, 01 100100011 100
horse_around_with,behavior, 10 100010011 001
hound,behavior, 10 111111111 000
hug,behavior, 10 100000011 001
humble,behavior, 01 111111111 000
humiliate,behavior, 01 111111111 000
humor,behavior, 01 111111111 000
hunt_for,behavior, 01 001000000 000
hurry,behavior, 10 110011011 100
hurt,behavior, 10 101001011 101
hush,behavior, 10 111111111 010
hustle,behavior, 01 011100100 000
hypnotize,behavior, 10 000001000 000
idealize,behavior, 01 100100111 000
identify,behavior, 10 001000000 010
idolize,behavior, 01 100000111 000
ignore,behavior, 11 100100011 010
imitate,behavior, 10 110000011 000
impede,behavior, 10 011000010 000
implicate,behavior, 10 001000000 010
implore,behavior, 10 100100111 000
imprison,behavior, 10 001000000 010
incarcerate,behavior, 10 001000000 010
incite,behavior, 01 000100100 010
incriminate,behavior, 10 001000000 010
indoctrinate,behavior, 10 000100111 000
indulge,behavior, 01 100000011 100
influence,behavior, 01 111111111 000
inform,behavior, 10 111111111 100
infuriate,behavior, 01 111111111 000
inject_with_medicine,behavior, 10 000001000 101
injure,behavior, 10 101001011 101
inspect,behavior, 10 001111011 100
inspire,behavior, 01 100110110 000
instruct,behavior, 10 011111111 000
insult,behavior, 10 111111111 000
interest,behavior, 01 110110111 100
interfere_with,behavior, 01 010111000 010
interrogate,behavior, 10 001000000 000
interrupt,behavior, 10 111111111 100
interview,behavior, 10 011011000 000
intimidate,behavior, 01 101100011 000
invite,behavior, 10 110010111 010
irritate,behavior, 01 111111111 100
isolate,behavior, 10 000100010 110
jail,behavior, 10 001000000 001
jeer,behavior, 10 100100001 000
jest,behavior, 10 111111111 000
join,behavior, 10 100100001 010
joke_with,behavior, 10 111111111 000
jolt,behavior, 01 100100001 000
josh,behavior, 10 111111111 000
jostle,behavior, 10 101000011 000
judge,behavior, 01 111111111 100
kick,behavior, 10 001000000 001
kid,behavior, 10 100100011 000
kill,behavior, 10 001100000 101
kiss,behavior, 10 000000011 001
knife,behavior, 10 101000000 001
knock_out,behavior, 10 101000000 001
kowtow_to,behavior, 01 111111111 000
laud,behavior, 10 111111111 110
laugh_at,behavior, 10 111111111 100
laugh_with,behavior, 10 111111111 000
lead,behavior, 10 100100011 000
leave,behavior, 10 111111111 010
lecture,behavior, 10 111111111 000
lend_money_to,behavior, 10 110000010 000
liberate,behavior, 10 000100000 010
lie_to,behavior, 01 111100011 000
lift,behavior, 10 001001010 001
like,behavior, 01 111111111 100
listen_to,behavior, 10 111111111 000
loathe,behavior, 01 111111111 100
look_at,behavior, 10 111111111 100
love,behavior, 01 100000011 000
lure,behavior, 01 111100001 000
lust_for,behavior, 01 000000001 000
make_fun_of,behavior, 10 100000011 000
make_love_to,behavior, 10 000000001 001
malign,behavior, 10 111111111 010
manipulate,behavior, 01 111111111 100
marry,behavior, 10 000000001 010
massage,behavior, 10 110001011 101
medicate,behavior, 10 000001010 100
menace,behavior, 01 101100000 000
mimic,behavior, 10 110010010 010
misinform,behavior, 01 110100010 000
misjudge,behavior, 01 111111111 000
mislead,behavior, 01 111101110 000
miss,behavior, 01 100000010 010
misunderstand,behavior, 01 111111111 000
mock,behavior, 10 100100011 000
molest,behavior, 10 000000001 001
monitor,behavior, 10 011111110 110
mortify,behavior, 01 111111111 000
mother,behavior, 10 000001010 001
mug,behavior, 10 101000000 001
murder,behavior, 10 101000000 011
nag,behavior, 10 100000011 000
need,behavior, 01 100000011 010
needle,behavior, 10 111111111 000
neglect,behavior, 01 111111111 110
negotiate_with,behavior, 10 111111111 000
notice,behavior, 01 111111111 010
nudge,behavior, 10 111111111 001
nuzzle,behavior, 10 000000011 001
obey,behavior, 10 111111111 000
observe,behavior, 10 111111111 100
obstruct,behavior, 10 111111111 011
offend,behavior, 01 111111111 000
ogle,behavior, 10 000000001 000
oppose,behavior, 10 111111111 010
oppress,behavior, 01 000100010 000
order,behavior, 10 111111111 000
ostracize,behavior, 01 100100110 010
outdo,behavior, 01 110110010 010
outwit,behavior, 01 111111111 000
overlook,behavior, 01 011111110 010
overwhelm,behavior, 10 101101011 001
overwork,behavior, 01 010110010 100
pacify,behavior, 01 111111111 000
pamper,behavior, 10 110001011 100
parody,behavior, 10 111111111 010
patronize,behavior, 01 111111111 000
pay,behavior, 10 010000000 000
pay_for,behavior, 10 110000010 100
peek_at,behavior, 10 100000011 000
peep_at,behavior, 10 100000011 000
penalize,behavior, 10 010110010 000
persecute,behavior, 01 001100100 000
persuade,behavior, 01 111111111 100
pester,behavior, 10 110000011 010
pet,behavior, 10 000000011 001
photograph,behavior, 10 100000010 000
placate,behavior, 01 111111111 000
play_with,behavior, 10 100000011 100
please,behavior, 01 111111111 100
plot_against,behavior, 01 100100000 010
poison,behavior, 01 101001010 100
pooh_pooh,behavior, 10 111111111 000
praise,behavior, 10 111111111 000
pray_for,behavior, 01 000000100 100
pray_with,behavior, 10 000100100 000
preach_to,behavior, 10 000100110 000
prod,behavior, 10 101001011 101
prompt,behavior, 10 111111111 010
prosecute,behavior, 10 001000000 010
protect,behavior, 10 101101010 010
provoke,behavior, 01 111111111 000
psychoanalyze,behavior, 10 000001000 100
punch,behavior, 10 101000000 001
punish,behavior, 10 111111111 100
pursue,behavior, 10 001101001 000
push,behavior, 10 101000010 001
quarrel_with,behavior, 10 111111111 000
query,behavior, 10 111111111 000
question,behavior, 10 111111111 000
quiet,behavior, 10 111111111 000
quiz,behavior, 10 111111111 000
raise_the_pay_of,behavior, 10 010000000 000
rant_at,behavior, 10 111111111 000
rape,behavior, 10 100000001 001
ravish,behavior, 10 000000001 001
reason_with,behavior, 10 111111111 100
reassure,behavior, 10 111111111 100
rebel_against,behavior, 01 000100010 000
rebuff,behavior, 10 100100101 010
rebuke,behavior, 10 111111111 000
reform,behavior, 01 101000110 100
refuse,behavior, 10 111111111 000
rehabilitate,behavior, 01 001000110 000
reject,behavior, 01 100100011 010
relish,behavior, 01 100000001 000
remember,behavior, 01 100100000 010
remind,behavior, 10 111111111 100
renounce,behavior, 10 100100110 010
repel,behavior, 10 001100001 010
reply_to,behavior, 10 111111111 000
reprimand,behavior, 10 111111111 000
reproach,behavior, 10 111111111 100
repulse,behavior, 01 001100001 100
request_something_from,behavior, 10 111111111 000
rescue,behavior, 10 101101010 010
respect,behavior, 01 111111111 100
restrain,behavior, 10 001001011 101
retaliate_against,behavior, 10 000100000 010
revere,behavior, 01 111111111 000
reward,behavior, 10 000110110 100
rib,behavior, 10 110110011 000
ridicule,behavior, 10 111111111 000
rob,behavior, 10 111000000 000
rouse,behavior, 10 100101011 100
save,behavior, 10 101101110 100
say_farewell_to,behavior, 10 111111111 000
scare,behavior, 01 111111111 100
scold,behavior, 10 111111111 000
scorn,behavior, 01 111111111 000
scratch,behavior, 10 101001011 101
scrutinize,behavior, 10 111111111 100
search,behavior, 10 001000000 001
seduce,behavior, 01 000000001 001
seek_advice_from,behavior, 10 111111111 000
seize,behavior, 10 001000000 011
sell_something_to,behavior, 10 010000000 000
sentence,behavior, 10 001000000 010
serenade,behavior, 10 000000011 000
serve,behavior, 10 110100010 100
sexually_arouse,behavior, 10 000000001 101
shaft,behavior, 01 111110010 000
shake_hands_with,behavior, 10 111100000 000
shame,behavior, 01 111111111 000
share_something_with,behavior, 10 100000011 000
shield,behavior, 10 001100000 010
shock,behavior, 01 111111111 000
shoot,behavior, 10 001000000 101
shout_at,behavior, 10 111111111 000
show_something_to,behavior, 10 111111111 000
shun,behavior, 01 100100111 010
shush,behavior, 10 111111111 000
sicken,behavior, 01 100001000 000
silence,behavior, 10 111111111 000
sing_to,behavior, 10 000000011 100
sit_next_to,behavior, 10 111111111 000
slander,behavior, 01 011111100 010
slap,behavior, 10 101000011 001
slay,behavior, 10 101000000 101
sleep_with,behavior, 10 000000001 001
smile_at,behavior, 10 111111111 000
smirk_at,behavior, 10 111111111 000
smother,behavior, 10 101000000 001
snub,behavior, 01 100100000 010
snuggle,behavior, 10 000000011 001
sock,behavior, 10 101000000 001
soothe,behavior, 10 111111111 100
speak_to,behavior, 10 111111111 000
spoil,behavior, 01 000000010 000
spurn,behavior, 01 100100101 010
stab,behavior, 10 101000000 001
stall,behavior, 01 111111111 000
stare_at,behavior, 10 101011011 000
startle,behavior, 01 111111111 000
steal_from,behavior, 01 011100010 000
stop,behavior, 10 111111111 100
strangle,behavior, 10 101000000 001
strip,behavior, 10 001001001 101
stroke,behavior, 10 000001011 101
study,behavior, 01 111111111 000
stun,behavior, 01 111111111 000
stymie,behavior, 01 001100010 010
subdue,behavior, 10 001101010 001
submit_to,behavior, 10 001101011 000
suck_up_to,behavior, 01 111111111 000
sue,behavior, 10 011000000 010
summon,behavior, 10 111111111 010
supervise,behavior, 10 111111110 010
support,behavior, 10 110101010 010
surprise,behavior, 10 111111111 000
suspect,behavior, 01 111111111 000
sweet_talk,behavior, 01 111111111 000
swindle,behavior, 01 010000000 000
sympathize_with,behavior, 10 111111111 000
tackle,behavior, 10 001010000 001
talk_to,behavior, 10 111111111 100
tantalize,behavior, 01 111111111 100
taunt,behavior, 10 111100111 000
teach,behavior, 10 111111111 100
tease,behavior, 10 111111111 000
tell_off,behavior, 10 111111111 000
tempt,behavior, 01 111111111 100
terrorize,behavior, 01 001100000 100
test,behavior, 10 000011100 100
thank,behavior, 10 111111111 000
threaten,behavior, 10 111111111 000
thrill,behavior, 01 100000011 000
tickle,behavior, 10 000000011 001
tip,behavior, 10 010000000 000
titillate,behavior, 01 000000001 000
toast,behavior, 10 100100010 010
torment,behavior, 10 111111111 100
torture,behavior, 10 001000000 101
touch,behavior, 10 111111111 101
train,behavior, 10 111111111 000
transact_business_with,behavior, 10 010000000 000
trap,behavior, 01 011100000 000
treat,behavior, 10 100000011 100
trick,behavior, 01 111100010 000
trust,behavior, 01 111111111 100
turn_to,behavior, 10 111111111 000
underestimate,behavior, 01 111111000 100
undermine,behavior, 01 011110100 010
underrate,behavior, 01 100000000 000
understand,behavior, 01 111111111 000
undress,behavior, 10 000001011 101
unnerve,behavior, 01 111111111 000
uplift,behavior, 01 111111111 000
upset,behavior, 01 111111111 000
upstage,behavior, 01 111111111 010
urge,behavior, 10 111111111 000
use,behavior, 01 111100100 010
value,behavior, 01 111111111 100
vex,behavior, 01 111111111 000
victimize,behavior, 10 011000001 000
visit,behavior, 10 111111111 010
wait_on,behavior, 10 010000011 000
warn,behavior, 10 111111111 010
wash,behavior, 10 000001010 101
watch,behavior, 10 111111111 000
wed,behavior, 10 000000001 010
welcome,behavior, 10 111111111 010
wheedle,behavior, 10 111111111 000
whine_to,behavior, 10 101111010 000
whip,behavior, 10 001000011 001
whisper_to,behavior, 10 111111111 000
wink_at,behavior, 10 110000001 000
work,behavior, 10 010010010 100
worship,behavior, 01 100100111 000
wrestle_with,behavior, 10 101001001 001
wrong,behavior, 01 111111111 000
yield_to,behavior, 10 111110011 000
abandoned,modifier, 10 000100000 000
able_bodied,modifier, 10 000100000 000
absentminded,modifier, 10 010000000 000
abusive,modifier, 10 010000000 000
abusive_physically,modifier, 10 010000000 000
abusive_verbally,modifier, 10 010000000 000
accommodating,modifier, 10 010000000 000
acquiescent,modifier, 10 110100000 000
active,modifier, 10 010000000 000
adaptive,modifier, 10 010000000 000
adventurous,modifier, 10 010000000 000
affable,modifier, 10 010000000 000
affected,modifier, 10 010000000 000
affectionate,modifier, 10 010000000 000
afraid,modifier, 10 100000000 000
aggravated,modifier, 10 100000000 000
aggressive,modifier, 10 010000000 000
aggrieved,modifier, 10 100100000 000
agitated,modifier, 10 100000000 000
agreeable,modifier, 10 010000000 000
aimless,modifier, 10 010000000 000
alarmed,modifier, 10 100000000 000
alert,modifier, 10 010000000 000
aloof,modifier, 10 010000000 000
ambitious,modifier, 10 010000000 000
amorous,modifier, 10 010000000 000
amused,modifier, 10 100000000 000
amusing,modifier, 10 010000000 000
angry,modifier, 10 100000000 000
anguished,modifier, 10 100000000 000
annoyed,modifier, 10 100010000 000
annoying,modifier, 10 010000000 000
antisocial,modifier, 10 000100000 000
anxious,modifier, 10 100000000 000
apathetic,modifier, 10 110000000 000
appalled,modifier, 10 100000000 000
appreciative,modifier, 10 110000000 000
apprehensive,modifier, 10 100000000 000
aroused,modifier, 10 000000000 000
arrogant,modifier, 10 010000000 000
artistic,modifier, 10 010000000 000
ashamed,modifier, 10 100010000 000
assertive,modifier, 10 010000000 000
astonished,modifier, 10 010000000 000
at_ease,modifier, 10 100000000 000
attentive,modifier, 10 010000000 000
attractive,modifier, 10 000100000 000
authoritarian,modifier, 10 010000000 000
autonomous,modifier, 10 000100000 000
average,modifier, 10 001000000 000
awe_struck,modifier, 10 100000000 000
awkward,modifier, 10 000100000 000
bad,modifier, 10 001000000 000
bad_tempered,modifier, 10 110000000 000
beautiful,modifier, 10 000100000 000
belligerent,modifier, 10 010000000 000
benevolent,modifier, 10 010000000 000
betrayed,modifier, 10 000100000 000
bitchy,modifier, 10 010000000 000
bitter,modifier, 10 100010000 000
black,modifier, 10 001000000 000
blue,modifier, 10 100000000 000
bold,modifier, 10 010000000 000
bored,modifier, 10 010100000 000
boring,modifier, 10 000100000 000
bossy,modifier, 10 010000000 000
brave,modifier, 10 010000000 000
bright,modifier, 10 010000000 000
broad_minded,modifier, 10 010100000 000
broken_hearted,modifier, 10 100000000 000
calm,modifier, 10 100010000 000
candid,modifier, 10 010000000 000
cantankerous,modifier, 10 010000000 000
captivated,modifier, 10 010100000 000
carefree,modifier, 10 010000000 000
careful,modifier, 10 010100000 000
careless,modifier, 10 010000000 000
caring,modifier, 10 010000000 000
cautious,modifier, 10 010000000 000
charmed,modifier, 10 100000000 000
charming,modifier, 10 010000000 000
cheerful,modifier, 10 110000000 000
cheerless,modifier, 10 100000000 000
childish,modifier, 10 010000000 000
clean_cut,modifier, 10 000100000 000
clever,modifier, 10 010000000 000
clumsy,modifier, 10 010100000 000
cocky,modifier, 10 010000000 000
cold,modifier, 10 010000000 000
communicative,modifier, 10 010000000 000
compassionate,modifier, 10 110000000 000
competent,modifier, 10 010000000 000
competitive,modifier, 10 010000000 000
composed,modifier, 10 010000000 000
compulsive,modifier, 10 010000000 000
conceited,modifier, 10 010000000 000
confident,modifier, 10 010000000 000
confused,modifier, 10 010000000 000
conscientious,modifier, 10 010000000 000
conservative,modifier, 10 011000000 000
considerate,modifier, 10 010000000 000
contemptuous,modifier, 10 110000000 000
contented,modifier, 10 100010000 000
contrite,modifier, 10 100000000 000
conventional,modifier, 10 000100000 000
cool,modifier, 10 010000000 000
cooperative,modifier, 10 010000000 000
courageous,modifier, 10 010000000 000
courteous,modifier, 10 010000000 000
cowardly,modifier, 10 010000000 000
coy,modifier, 10 010000000 000
crafty,modifier, 10 010000000 000
crazy,modifier, 10 011000000 000
creative,modifier, 10 010000000 000
credible,modifier, 10 000100000 000
critical,modifier, 10 010000000 000
crude,modifier, 10 010000000 000
cruel,modifier, 10 010000000 000
crushed,modifier, 10 100000000 000
cultivated,modifier, 10 010000000 000
cunning,modifier, 10 010000000 000
curious,modifier, 10 010000000 000
cute,modifier, 10 010000000 000
cynical,modifier, 10 010000000 000
daring,modifier, 10 010000000 000
deceitful,modifier, 10 010000000 000
decent,modifier, 10 010000000 000
decisive,modifier, 10 010000000 000
defensive,modifier, 10 010000000 000
defiant,modifier, 10 010000000 000
deflated,modifier, 10 100000000 000
dejected,modifier, 10 100000000 000
delicate,modifier, 10 000100000 000
delighted,modifier, 10 100000000 000
demanding,modifier, 10 010000000 000
demure,modifier, 10 010000000 000
dependable,modifier, 10 010000000 000
dependent,modifier, 10 010000000 000
depressed,modifier, 10 100010000 000
desperate,modifier, 10 110000000 000
despondent,modifier, 10 100000000 000
determined,modifier, 10 010000000 000
devoted,modifier, 10 010000000 000
diffident,modifier, 10 010000000 000
dignified,modifier, 10 000100000 000
diligent,modifier, 10 010000000 000
dirty,modifier, 10 000100000 000
disabled,modifier, 10 000100000 000
disagreeable,modifier, 10 010000000 000
disappointed,modifier, 10 100000000 000
disapproving,modifier, 10 100000000 000
disconcerted,modifier, 10 010000000 000
discontented,modifier, 10 100000000 000
discouraged,modifier, 10 100000000 000
discreet,modifier, 10 010000000 000
disgusted,modifier, 10 100010000 000
disheartened,modifier, 10 100000000 000
dishonest,modifier, 10 010100000 000
disloyal,modifier, 10 010100000 000
dismayed,modifier, 10 100000000 000
disobedient,modifier, 10 010000000 000
displeased,modifier, 10 100000000 000
disreputable,modifier, 10 010000000 000
disrespectful,modifier, 10 010000000 000
dissatisfied,modifier, 10 100000000 000
distant,modifier, 10 010000000 000
distressed,modifier, 10 100000000 000
distrustful,modifier, 10 010100000 000
disturbed,modifier, 10 110000000 000
divorced,modifier, 10 001000000 000
dogmatic,modifier, 10 010000000 000
dominant,modifier, 10 010000000 000
domineering,modifier, 10 010000000 000
doubtful,modifier, 10 000100000 000
downhearted,modifier, 10 100000000 000
drowsy,modifier, 10 000100000 000
drunken,modifier, 10 001100000 000
dull,modifier, 10 000100000 000
dumb,modifier, 10 000100000 000
dutiful,modifier, 10 010000000 000
eager,modifier, 10 100000000 000
earnest,modifier, 10 010000000 000
easygoing,modifier, 10 010000000 000
eccentric,modifier, 10 010000000 000
ecstatic,modifier, 10 100000000 000
educated,modifier, 10 001000000 000
effective,modifier, 10 010000000 000
efficient,modifier, 10 010000000 000
egotistical,modifier, 10 010000000 000
elated,modifier, 10 100000000 000
elegant,modifier, 10 010000000 000
embarrassed,modifier, 10 100010000 000
embittered,modifier, 10 110100000 000
emotional,modifier, 10 110000000 000
employed,modifier, 10 001000000 000
empty,modifier, 10 000100000 000
energetic,modifier, 10 010000000 000
enraged,modifier, 10 100000000 000
enterprising,modifier, 10 010000000 000
enthralled,modifier, 10 100000000 000
enthusiastic,modifier, 10 110000000 000
entrusting,modifier, 10 010000000 000
envious,modifier, 10 100000000 000
erratic,modifier, 10 010100000 000
esteemed,modifier, 10 001000000 000
euphoric,modifier, 10 100000000 000
evil,modifier, 10 010000000 000
exasperated,modifier, 10 100000000 000
excitable,modifier, 10 010000000 000
excited,modifier, 10 100010000 000
experienced,modifier, 10 001000000 000
extravagant,modifier, 10 000100000 000
extroverted,modifier, 10 010000000 000
exuberant,modifier, 10 010000000 000
fair,modifier, 10 010000000 000
faithful,modifier, 10 010000000 000
fashionable,modifier, 10 000100000 000
fearful,modifier, 10 100000000 000
fed_up,modifier, 10 100000000 000
female,modifier, 10 001000000 000
feminine,modifier, 10 010000000 000
fickle,modifier, 10 010000000 000
finicky,modifier, 10 010000000 000
flamboyant,modifier, 10 000100000 000
flexible,modifier, 10 010000000 000
flustered,modifier, 10 100010000 000
foolish,modifier, 10 010000000 000
forgetful,modifier, 10 010000000 000
forgiving,modifier, 10 010000000 000
fretful,modifier, 10 010000000 000
friendly,modifier, 10 010000000 000
frivolous,modifier, 10 000100000 000
frustrated,modifier, 10 100000000 000
fun_loving,modifier, 10 010000000 000
furious,modifier, 10 100010000 000
generous,modifier, 10 010000000 000
gentle,modifier, 10 010000000 000
giddy,modifier, 10 010000000 000
glad,modifier, 10 100000000 000
gleeful,modifier, 10 100000000 000
gloomy,modifier, 10 110000000 000
glum,modifier, 10 100000000 000
good,modifier, 10 001000000 000
good_natured,modifier, 10 010000000 000
gossipy,modifier, 10 010100000 000
graceful,modifier, 10 000100000 000
grateful,modifier, 10 100000000 000
greedy,modifier, 10 010000000 000
gregarious,modifier, 10 010000000 000
grief_stricken,modifier, 10 100000000 000
grouchy,modifier, 10 010000000 000
grumpy,modifier, 10 110000000 000
guilty,modifier, 10 101000000 000
gullible,modifier, 10 010000000 000
handsome,modifier, 10 000100000 000
happy,modifier, 10 100010000 000
hardworking,modifier, 10 010000000 000
hassled,modifier, 10 000100000 000
haughty,modifier, 10 010000000 000
heart_broken,modifier, 10 100000000 000
heavy_hearted,modifier, 10 100000000 000
helpful,modifier, 10 010000000 000
helpless,modifier, 10 000100000 000
hesitant,modifier, 10 000100000 000
homesick,modifier, 10 100000000 000
honest,modifier, 10 010000000 000
honorable,modifier, 10 010000000 000
hopeful,modifier, 10 110000000 000
hopeless,modifier, 10 100100000 000
horny,modifier, 10 010100000 000
horrified,modifier, 10 100000000 000
hostile,modifier, 10 110000000 000
hotheaded,modifier, 10 010000000 000
humane,modifier, 10 010000000 000
humble,modifier, 10 110000000 000
humiliated,modifier, 10 100000000 000
hurt,modifier, 10 100100000 000
idealistic,modifier, 10 010000000 000
ignorant,modifier, 10 000100000 000
ill_at_ease,modifier, 10 100000000 000
imaginative,modifier, 10 010000000 000
immature,modifier, 10 010000000 000
immoral,modifier, 10 000100000 000
impatient,modifier, 10 100010000 000
impolite,modifier, 10 010000000 000
impractical,modifier, 10 010000000 000
impressionable,modifier, 10 010000000 000
impulsive,modifier, 10 010000000 000
incompetent,modifier, 10 000100000 000
inconsiderate,modifier, 10 010000000 000
inconspicuous,modifier, 10 000100000 000
incredulous,modifier, 10 000100000 000
indecent,modifier, 10 000100000 000
indecisive,modifier, 10 010000000 000
independent,modifier, 10 010000000 000
indifferent,modifier, 10 010000000 000
indignant,modifier, 10 100000000 000
indolent,modifier, 10 010000000 000
indulgent,modifier, 10 010100000 000
industrious,modifier, 10 010000000 000
inexact,modifier, 10 010000000 000
inexperienced,modifier, 10 000100000 000
infatuated,modifier, 10 000100000 000
inhibited,modifier, 10 010000000 000
innocent,modifier, 10 000100000 000
inquisitive,modifier, 10 010000000 000
insane,modifier, 10 001100000 000
insecure,modifier, 10 010000000 000
insensitive,modifier, 10 010000000 000
insincere,modifier, 10 010000000 000
intellectual,modifier, 10 011000000 000
intelligent,modifier, 10 010000000 000
interested,modifier, 10 000100000 000
intimidated,modifier, 10 100000000 000
intolerant,modifier, 10 010100000 000
intoxicated,modifier, 10 000100000 000
introspective,modifier, 10 010000000 000
introverted,modifier, 10 010000000 000
irate,modifier, 10 100000000 000
irked,modifier, 10 100000000 000
irrational,modifier, 10 010000000 000
irritable,modifier, 10 010000000 000
irritated,modifier, 10 100000000 000
irritating,modifier, 10 010000000 000
jealous,modifier, 10 110000000 000
jittery,modifier, 10 010000000 000
joyful,modifier, 10 100000000 000
joyless,modifier, 10 100010000 000
jubilant,modifier, 10 100000000 000
kind,modifier, 10 010000000 000
kindly,modifier, 10 010000000 000
knowledgeable,modifier, 10 000100000 000
lazy,modifier, 10 010000000 000
light_hearted,modifier, 10 010000000 000
lively,modifier, 10 010000000 000
lonely,modifier, 10 100000000 000
lonesome,modifier, 10 100000000 000
lost,modifier, 10 000100000 000
loved,modifier, 10 000100000 000
lovesick,modifier, 10 100000000 000
low,modifier, 10 100000000 000
lower_class,modifier, 10 001000000 000
loyal,modifier, 10 010000000 000
lucky,modifier, 10 000100000 000
lustful,modifier, 10 100000000 000
mad,modifier, 10 100010000 000
male,modifier, 10 001000000 000
malicious,modifier, 10 010000000 000
maniacal,modifier, 10 010000000 000
manipulative,modifier, 10 010000000 000
married,modifier, 10 001000000 000
masculine,modifier, 10 010000000 000
mature,modifier, 10 010100000 000
mean,modifier, 10 010000000 000
mediocre,modifier, 10 000100000 000
meek,modifier, 10 010000000 000
melancholic,modifier, 10 100000000 000
merry,modifier, 10 100000000 000
methodical,modifier, 10 010000000 000
middle_aged,modifier, 10 001000000 000
middle_class,modifier, 10 001000000 000
mischievous,modifier, 10 010000000 000
miserable,modifier, 10 100000000 000
miserly,modifier, 10 010000000 000
model,modifier, 10 000100000 000
modern,modifier, 10 000100000 000
modest,modifier, 10 010000000 000
moody,modifier, 10 010000000 000
mortified,modifier, 10 100000000 000
motivated,modifier, 10 010100000 000
mournful,modifier, 10 100000000 000
moved,modifier, 10 100000000 000
naive,modifier, 10 010000000 000
narrowminded,modifier, 10 010000000 000
nasty,modifier, 10 010000000 000
nauseated,modifier, 10 000100000 000
neighborly,modifier, 10 000100000 000
nervous,modifier, 10 100010000 000
nice,modifier, 10 010000000 000
no_emotion,modifier, 10 100000000 000
noble,modifier, 10 000100000 000
noisy,modifier, 10 000100000 000
nonchalant,modifier, 10 010000000 000
nosey,modifier, 10 010000000 000
nostalgic,modifier, 10 100000000 000
obedient,modifier, 10 010000000 000
obligated,modifier, 10 001000000 000
obnoxious,modifier, 10 010000000 000
obstinant,modifier, 10 010000000 000
offended,modifier, 10 100000000 000
offensive,modifier, 10 010000000 000
old,modifier, 10 001000000 000
old_fashioned,modifier, 10 000100000 000
open_minded,modifier, 10 010000000 000
opportunistic,modifier, 10 010000000 000
optimistic,modifier, 10 110000000 000
organized,modifier, 10 010000000 000
original,modifier, 10 000100000 000
ostentatious,modifier, 10 010000000 000
outgoing,modifier, 10 010000000 000
outraged,modifier, 10 100010000 000
outspoken,modifier, 10 010000000 000
overbearing,modifier, 10 010000000 000
overconfident,modifier, 10 010000000 000
overjoyed,modifier, 10 100010000 000
overwhelmed,modifier, 10 100000000 000
panicked,modifier, 10 100000000 000
paranoid,modifier, 10 010000000 000
passionate,modifier, 10 110000000 000
passive,modifier, 10 010000000 000
patient,modifier, 10 010000000 000
peaceful,modifier, 10 110000000 000
peeved,modifier, 10 100000000 000
pensive,modifier, 10 010000000 000
perceptive,modifier, 10 010000000 000
permissive,modifier, 10 010000000 000
persecuted,modifier, 10 001000000 000
persistent,modifier, 10 010000000 000
persuasive,modifier, 10 000100000 000
pessimistic,modifier, 10 110000000 000
petrified,modifier, 10 100000000 000
petty,modifier, 10 010000000 000
pitiful,modifier, 10 010000000 000
placid,modifier, 10 010000000 000
plain,modifier, 10 000100000 000
playful,modifier, 10 010000000 000
pleased,modifier, 10 100010000 000
poised,modifier, 10 010000000 000
polite,modifier, 10 010000000 000
pompous,modifier, 10 010000000 000
poor,modifier, 10 001000000 000
popular,modifier, 10 001100000 000
possessive,modifier, 10 010000000 000
powerful,modifier, 10 001100000 000
powerless,modifier, 10 001100000 000
practical,modifier, 10 010000000 000
prejudiced,modifier, 10 010000000 000
preoccupied,modifier, 10 010000000 000
presumptuous,modifier, 10 010000000 000
pretty,modifier, 10 000100000 000
principled,modifier, 10 010000000 000
promiscuous,modifier, 10 010000000 000
proud,modifier, 10 100010000 000
provocative,modifier, 10 010000000 000
quarrelsome,modifier, 10 010000000 000
quiet,modifier, 10 000100000 000
rational,modifier, 10 010000000 000
raunchy,modifier, 10 010000000 000
reasonable,modifier, 10 010000000 000
rebellious,modifier, 10 010000000 000
reckless,modifier, 10 010000000 000
reclusive,modifier, 10 010000000 000
refined,modifier, 10 010000000 000
regretful,modifier, 10 100000000 000
rejected,modifier, 10 000100000 000
relaxed,modifier, 10 100100000 000
relentless,modifier, 10 010000000 000
reliable,modifier, 10 010000000 000
relieved,modifier, 10 100000000 000
religious,modifier, 10 000100000 000
remorseful,modifier, 10 100000000 000
repentant,modifier, 10 100000000 000
resentful,modifier, 10 100000000 000
reserved,modifier, 10 010000000 000
resigned,modifier, 10 010000000 000
resourceful,modifier, 10 010000000 000
respectful,modifier, 10 110000000 000
responsible,modifier, 10 010000000 000
restless,modifier, 10 010000000 000
reverent,modifier, 10 110000000 000
rich,modifier, 10 001000000 000
rigid,modifier, 10 010000000 000
romantic,modifier, 10 010000000 000
rude,modifier, 10 010000000 000
rueful,modifier, 10 000100000 000
ruthless,modifier, 10 010000000 000
sad,modifier, 10 100000000 000
sadistic,modifier, 10 010000000 000
saintly,modifier, 10 010000000 000
sarcastic,modifier, 10 010000000 000
satisfied,modifier, 10 100000000 000
scared,modifier, 10 100010000 000
scheming,modifier, 10 010000000 000
scornful,modifier, 10 010000000 000
secretive,modifier, 10 010000000 000
secure,modifier, 10 010100000 000
self_assured,modifier, 10 010000000 000
self_centered,modifier, 10 010000000 000
self_confident,modifier, 10 010000000 000
self_conscious,modifier, 10 110000000 000
self_disciplined,modifier, 10 010000000 000
self_pitying,modifier, 10 100000000 000
self_righteous,modifier, 10 010000000 000
self_sacrificing,modifier, 10 010100000 000
self_satisfied,modifier, 10 100000000 000
selfish,modifier, 10 010000000 000
sensitive,modifier, 10 010000000 000
sensuous,modifier, 10 010000000 000
sentimental,modifier, 10 110000000 000
serene,modifier, 10 100000000 000
serious,modifier, 10 010000000 000
sexy,modifier, 10 000100000 000
shaken,modifier, 10 100000000 000
shallow,modifier, 10 010000000 000
shocked,modifier, 10 100000000 000
shook_up,modifier, 10 100000000 000
showy,modifier, 10 000100000 000
shrewd,modifier, 10 010000000 000
shy,modifier, 10 010000000 000
sickened,modifier, 10 100000000 000
silly,modifier, 10 000100000 000
simpleminded,modifier, 10 010000000 000
sincere,modifier, 10 010000000 000
single,modifier, 10 001000000 000
skeptical,modifier, 10 010000000 000
sloppy,modifier, 10 010000000 000
slothful,modifier, 10 010000000 000
sluggish,modifier, 10 000100000 000
sly,modifier, 10 010000000 000
smug,modifier, 10 110000000 000
sniveling,modifier, 10 110100000 000
snobbish,modifier, 10 010000000 000
snooty,modifier, 10 010000000 000
snowed,modifier, 10 000100000 000
sociable,modifier, 10 010100000 000
soft_spoken,modifier, 10 010000000 000
softhearted,modifier, 10 010000000 000
solemn,modifier, 10 010000000 000
sophisticated,modifier, 10 010000000 000
sorrowful,modifier, 10 100000000 000
sorry,modifier, 10 100000000 000
spacey,modifier, 10 000100000 000
spirited,modifier, 10 110000000 000
spiteful,modifier, 10 110000000 000
spoiled,modifier, 10 000100000 000
squeamish,modifier, 10 010000000 000
stable,modifier, 10 000100000 000
steadfast,modifier, 10 010000000 000
stingy,modifier, 10 010000000 000
stoned,modifier, 10 000100000 000
strange,modifier, 10 000100000 000
strict,modifier, 10 010000000 000
strong,modifier, 10 000100000 000
strong_willed,modifier, 10 010000000 000
stubborn,modifier, 10 010000000 000
studious,modifier, 10 010000000 000
stunned,modifier, 10 000000000 000
stupid,modifier, 10 010000000 000
subdued,modifier, 10 010000000 000
submissive,modifier, 10 010000000 000
successful,modifier, 10 000100000 000
suicidal,modifier, 10 010000000 000
superstitious,modifier, 10 010000000 000
surprised,modifier, 10 000100000 000
suspicious,modifier, 10 010000000 000
sympathetic,modifier, 10 010000000 000
taciturn,modifier, 10 010000000 000
tactful,modifier, 10 010000000 000
tactless,modifier, 10 010000000 000
talented,modifier, 10 000100000 000
talkative,modifier, 10 010100000 000
team_spirited,modifier, 10 010000000 000
temperamental,modifier, 10 010000000 000
tense,modifier, 10 100000000 000
terrified,modifier, 10 100000000 000
thankful,modifier, 10 100000000 000
thoughtful,modifier, 10 010000000 000
thoughtless,modifier, 10 010000000 000
thrilled,modifier, 10 100010000 000
timid,modifier, 10 010000000 000
tired,modifier, 10 000100000 000
tolerant,modifier, 10 010100000 000
tormented,modifier, 10 100000000 000
tough,modifier, 10 010000000 000
tranquil,modifier, 10 000000000 000
troubled,modifier, 10 100000000 000
trusting,modifier, 10 010000000 000
ugly,modifier, 10 000100000 000
unambitious,modifier, 10 010000000 000
unattractive,modifier, 10 000100000 000
uncertain,modifier, 10 010000000 000
unconventional,modifier, 10 010000000 000
understanding,modifier, 10 010000000 000
uneasy,modifier, 10 100000000 000
uneducated,modifier, 10 001000000 000
unemployed,modifier, 10 001000000 000
unfair,modifier, 10 010000000 000
unforgiving,modifier, 10 010000000 000
unfriendly,modifier, 10 010100000 000
ungrateful,modifier, 10 010000000 000
unhappy,modifier, 10 100010000 000
unhealthy,modifier, 10 000100000 000
unhelpful,modifier, 10 010100000 000
unimaginative,modifier, 10 010000000 000
unique,modifier, 10 000100000 000
unkind,modifier, 10 010000000 000
unlucky,modifier, 10 000100000 000
unmotivated,modifier, 10 010000000 000
unpopular,modifier, 10 000100000 000
unreasonable,modifier, 10 010000000 000
unreliable,modifier, 10 010000000 000
unscrupulous,modifier, 10 010000000 000
unselfish,modifier, 10 010000000 000
unsophisticated,modifier, 10 010000000 000
unsportsmanlike,modifier, 10 010000000 000
unstable,modifier, 10 010000000 000
unsuccessful,modifier, 10 000100000 000
upset,modifier, 10 100000000 000
uptight,modifier, 10 100000000 000
vain,modifier, 10 010000000 000
vengeful,modifier, 10 010000000 000
vigorous,modifier, 10 010000000 000
violent,modifier, 10 010000000 000
virtuous,modifier, 10 010000000 000
vivacious,modifier, 10 000100000 000
vulgar,modifier, 10 000100000 000
warm,modifier, 10 010000000 000
warmhearted,modifier, 10 010000000 000
weak,modifier, 10 000100000 000
wealthy,modifier, 10 001000000 000
white,modifier, 10 001000000 000
wholesome,modifier, 10 010000000 000
widowed,modifier, 10 001000000 000
wild,modifier, 10 010000000 000
wise,modifier, 10 010000000 000
withdrawn,modifier, 10 010000000 000
witty,modifier, 10 010000000 000
worried,modifier, 10 110000000 000
worthless,modifier, 10 000100000 000
worthy,modifier, 10 000100000 000
young,modifier, 10 001000000 000
abortion clinic,setting, 10 000001000 000
adult bookstore,setting, 10 010000001 000
airplane,setting, 10 110000000 000
amusement park,setting, 10 110000000 000
April Fools Day,setting, 01 100000000 000
assembly line,setting, 10 010000000 000
athletic club,setting, 10 100000000 101
auction,setting, 01 010000000 000
ball game,setting, 11 110010000 000
banquet,setting, 01 100110010 000
bar,setting, 10 110000000 000
barber shop,setting, 10 110000000 000
basketball game,setting, 11 110010000 001
battlefield,setting, 10 000100000 001
beach,setting, 10 100000000 100
beauty salon,setting, 10 110000000 001
bed,setting, 10 000001001 101
bedroom,setting, 10 000000011 101
board room,setting, 10 010000000 000
bowling alley,setting, 10 010000000 000
brothel,setting, 10 010000001 001
bull session,setting, 01 100000000 000
bus stop,setting, 10 100000000 100
bus,setting, 10 110000000 100
business meeting,setting, 11 010000000 000
cafe,setting, 10 010000000 000
cafeteria,setting, 10 010011000 100
camp,setting, 10 100100010 100
campground,setting, 10 100000010 000
campus,setting, 10 000010000 100
car,setting, 10 100000000 100
carnival,setting, 11 100000000 000
casino,setting, 10 010000000 100
cathedral,setting, 10 000000100 100
Catholic mass,setting, 01 000000100 000
celebration,setting, 01 100100010 000
cemetery,setting, 10 100000100 100
chapel,setting, 10 000000100 100
Christmas,setting, 01 100000110 000
church,setting, 10 000000100 100
classroom,setting, 10 000010000 000
clinic,setting, 10 000001000 001
cocktail lounge,setting, 10 010000001 000
coffee break,setting, 01 110000000 100
coffee house,setting, 10 010000000 100
committee meeting,setting, 01 010111000 000
concert,setting, 11 100010000 000
conference room,setting, 10 011111000 000
cook-out,setting, 01 100000010 000
country club,setting, 10 010000000 000
courtroom,setting, 10 001000000 000
crowd,setting, 01 100000000 000
dance,setting, 01 100000001 001
daycare center,setting, 10 010000010 001
debate,setting, 01 000110000 000
desert (dry place),setting, 10 100000000 100
dining room,setting, 10 000000010 100
disco,setting, 10 010000001 000
doctor's office,setting, 10 000001000 000
dorm room,setting, 10 000010000 101
drive-in movie,setting, 10 010000001 001
Easter,setting, 01 100000100 000
elevator,setting, 10 100000000 100
emergency room,setting, 10 000001000 001
encounter group,setting, 01 000001000 000
examination,setting, 01 000011000 000
execution,setting, 11 001000000 011
factory,setting, 10 010000000 000
fairground,setting, 10 100000000 000
family reunion,setting, 01 000000010 000
festival,setting, 01 100000000 000
fight,setting, 01 101000000 001
fire drill,setting, 01 100000000 000
flea market,setting, 10 010000000 000
flophouse,setting, 10 100000000 100
funeral home,setting, 10 010000000 000
funeral,setting, 01 000000100 000
gay bar,setting, 10 010000001 001
ghetto,setting, 10 100000000 100
government office,setting, 10 001100000 000
graduation ceremony,setting, 01 000010000 010
graveyard,setting, 10 000000100 100
greasy spoon,setting, 10 010000000 000
grocery store,setting, 10 110000000 100
gunfight,setting, 01 001000000 001
gymnasium,setting, 10 100010000 101
Halloween,setting, 01 100000010 000
health food store,setting, 10 010000000 000
Heaven,setting, 01 000000100 000
Hell,setting, 01 000000100 001
hideout,setting, 10 101000000 100
home,setting, 10 000000010 101
honeymoon,setting, 01 000000001 000
hospital room,setting, 10 000001000 101
hotel room,setting, 10 100000011 101
interrogation,setting, 01 001000000 000
interview,setting, 01 011101000 000
jail,setting, 10 001000000 000
kitchen,setting, 10 000000010 100
laboratory,setting, 10 010011000 100
ladies' room,setting, 10 100000000 101
lawyer's office,setting, 10 001000000 000
lecture,setting, 01 000010000 000
library,setting, 10 100010000 100
living room,setting, 10 000000010 100
locker room,setting, 10 100010000 000
lovers lane,setting, 10 000000001 001
luncheon,setting, 01 110110000 000
luncheonette,setting, 10 010000000 000
lunchroom,setting, 10 010010000 100
marriage counselor's office,setting,11 000000101 100
massage parlor,setting, 10 010000001 001
maternity ward,setting, 10 000001000 000
mealtime,setting, 01 100000010 100
meeting,setting, 10 111111100 000
memorial service,setting, 01 000000100 000
men's room,setting, 10 100000000 101
mental hospital,setting, 10 000001000 001
military base,setting, 10 000100000 001
military boot camp,setting, 10 000100000 011
mob,setting, 01 100000000 001
mobile home,setting, 10 000000010 100
motel room,setting, 10 100000011 101
museum,setting, 10 100010000 100
New Year's Eve,setting, 01 100000000 000
nightclub,setting, 10 010000001 000
nursery school,setting, 10 010000010 001
nursing home,setting, 10 010001000 101
office,setting, 10 011011100 100
operating room,setting, 10 000001000 001
orgy,setting, 01 000000001 001
parade,setting, 11 100100000 000
party,setting, 01 100000001 000
peacetime,setting, 01 000100000 000
penitentiary,setting, 10 001000000 100
pizzeria,setting, 10 010000000 000
playground,setting, 10 100000000 001
police station,setting, 10 001000000 000
pool hall,setting, 10 010000000 000
poorhouse,setting, 10 100000000 100
post office,setting, 10 100000000 000
prayer meeting,setting, 01 000000100 000
press conference,setting, 01 011100000 000
prison,setting, 10 001000000 100
psychiatrist's office,setting, 10 000001000 000
quiz,setting, 01 000010000 000
reception,setting, 01 010010100 000
refreshment stand,setting, 10 010000000 000
resort,setting, 10 010000000 000
restaurant,setting, 10 010000000 000
retirement home,setting, 10 010001010 000
riot,setting, 01 101100000 001
saloon,setting, 10 010000000 000
sauna,setting, 10 010000000 100
schoolroom,setting, 10 000010000 000
seminar,setting, 01 000010000 000
sermon,setting, 01 000000100 000
shopping center,setting, 10 010000000 100
shower room,setting, 10 100000000 101
skid row,setting, 10 100000000 100
slaughterhouse,setting, 10 010000000 000
slum,setting, 10 100000000 100
sorority house,setting, 10 000010000 000
soup kitchen,setting, 10 100000000 000
squad car,setting, 10 001000000 001
store,setting, 10 010000000 000
street fair,setting, 11 110000000 000
street,setting, 10 100000000 100
subway,setting, 10 100000000 100
Sunday School,setting, 11 000000100 000
supermarket,setting, 10 010000000 000
sweatshop,setting, 10 010000000 000
swimming hole,setting, 10 100000000 000
tavern,setting, 10 010000000 000
taxi,setting, 10 010000000 000
temple,setting, 10 000000100 100
tennis court,setting, 10 100000000 000
tent,setting, 10 100000010 101
test,setting, 01 000011000 000
Thanksgiving Day,setting, 01 000000010 000
theater,setting, 10 010010000 000
topless bar,setting, 10 010000001 000
town hall,setting, 10 001100000 000
town meeting,setting, 01 000100000 010
train station,setting, 10 010000000 000
vacation,setting, 01 100000000 100
village,setting, 10 100000000 000
waiting room,setting, 10 001001000 100
wartime,setting, 01 000100000 001
washroom,setting, 10 100000000 000
wedding night,setting, 01 000000001 001
wedding reception,setting, 10 000000010 000
wedding,setting, 01 000000111 000
week night,setting, 01 100000000 100
weekend,setting, 01 100000000 100
welfare office,setting, 10 001001000 000
whorehouse,setting, 10 010000001 001
wilderness,setting, 10 100000000 100
worship service,setting, 01 000000100 000
zoo,setting, 10 100000000 000