term,E,P,A,E2,P2,A2
Air_Force_enlistee,2.14,1.67,0.89,2.14,1.67,0.89
Air_Force_officer,2.22,2.54,1.77,2.22,2.54,1.77
Air_Force_reservist,1.91,1.55,0.61,1.91,1.55,0.61
American,1.41,1.78,1.76,1.41,1.78,1.76
Arab,0.41,0.55,0.2,0.41,0.55,0.2
Army_enlistee,2.42,1.69,1.37,2.42,1.69,1.37
Army_officer,1.47,2.44,1.72,1.47,2.44,1.72
Army_reservist,1.95,1.42,0.63,1.95,1.42,0.63
Asian,1.43,0.42,-0.27,1.43,0.42,-0.27
Asian_American,1.13,0.79,-0.02,1.13,0.79,-0.02
Asian_man,0.83,0.25,-0.37,0.83,0.25,-0.37
Asian_woman,1.02,0.14,-0.35,1.02,0.14,-0.35
Australian,1.08,0.25,0.61,1.08,0.25,0.61
Austrian,0.65,0.26,0.44,0.65,0.26,0.44
Black,0.93,0.83,1.16,0.93,0.83,1.16
Buddhist,1.33,0.66,-1.88,1.33,0.66,-1.88
CEO,0.98,3.29,1.57,0.98,3.29,1.57
CPA,0.72,1.33,-0.44,0.72,1.33,-0.44
Catholic,0.54,0.51,-0.19,0.54,0.51,-0.19
Chinese,0.94,0.35,0.09,0.94,0.35,0.09
Christian,1.62,1.5,0.73,1.62,1.5,0.73
Christian_missionary,1.77,1.69,0.57,1.77,1.69,0.57
German,0.56,0.8,0.73,0.56,0.8,0.73
God,3.34,3.64,-0.37,3.34,3.64,-0.37
Hindu,0.82,0.14,-0.61,0.82,0.14,-0.61
Hispanic_American,1.08,-0.03,0.35,1.08,-0.03,0.35
Hispanic_man,0.59,-0.16,0.53,0.59,-0.16,0.53
Hispanic_woman,0.98,0.01,0.97,0.98,0.01,0.97
Imam,0.39,1.4,-0.02,0.39,1.4,-0.02
Jew,1.25,0.68,0.2,1.25,0.68,0.2
Marine_Corps_enlistee,2.09,1.51,1.21,2.09,1.51,1.21
Marine_Corps_officer,2,2.65,2.01,2,2.65,2.01
Marine_Corps_reservist,1.65,1.68,0.54,1.65,1.68,0.54
Methodist,1.34,0.58,0.03,1.34,0.58,0.03
Mormon,0.11,-0.42,-0.53,0.11,-0.42,-0.53
Muslim,0.71,0.26,-0.12,0.71,0.26,-0.12
Navy_enlistee,1.98,1.22,1,1.98,1.22,1
Navy_officer,2.1,2.68,1.03,2.1,2.68,1.03
Navy_reservist,1.9,1.44,0.47,1.9,1.44,0.47
Pentecostal,0.4,0.07,0.65,0.4,0.07,0.65
Protestant,1.05,0.6,0.48,1.05,0.6,0.48
Turk,0.29,0.12,0.06,0.29,0.12,0.06
abortionist,-0.89,1.07,-0.23,-0.89,1.07,-0.23
academic,2.34,2.33,-0.06,2.34,2.33,-0.06
accomplice,-0.09,0.27,0.19,-0.09,0.27,0.19
accountant,1.14,1.32,-0.27,1.14,1.32,-0.27
accounting_clerk,0.98,0.44,-1.02,0.98,0.44,-1.02
accused,-1.5,-1.44,-0.03,-1.5,-1.44,-0.03
acquaintance,1.12,-0.05,-0.13,1.12,-0.05,-0.13
actor,0.91,1.41,1.75,0.91,1.41,1.75
addict,-2.44,-2.29,0.04,-2.44,-2.29,0.04
adolescent,0.63,-0.85,2.19,0.63,-0.85,2.19
adopted_child,1.97,-0.04,0.19,1.97,-0.04,0.19
adopted_daughter,1.95,0.34,0.1,1.95,0.34,0.1
adopted_son,1.72,0.35,0.26,1.72,0.35,0.26
adult,0.95,1.9,0.33,0.95,1.9,0.33
adulterer,-3.05,0.01,0.29,-3.05,0.01,0.29
adulteress,-2.48,0.42,1.08,-2.48,0.42,1.08
advertising_copy_writer,0.58,0.34,0.74,0.58,0.34,0.74
advertising_executive,0.36,2.14,1.33,0.36,2.14,1.33
agnostic,0.03,-0.26,0.06,0.03,-0.26,0.06
aide,2.01,1.48,0.48,2.01,1.48,0.48
airline_pilot,1.71,2.53,0.42,1.71,2.53,0.42
alcoholic,-2.44,-1.8,1.3,-2.44,-1.8,1.3
ally,2.43,2.23,-0.24,2.43,2.23,-0.24
alumnus,1.62,1.39,0.32,1.62,1.39,0.32
ambassador,1.56,2.3,0.3,1.56,2.3,0.3
anesthetist,1.45,1.87,-1.11,1.45,1.87,-1.11
angel,3.33,2.85,-0.86,3.33,2.85,-0.86
anti_Semite,-2.83,-0.44,1.49,-2.83,-0.44,1.49
applicant,1.13,-0.78,0.08,1.13,-0.78,0.08
apprentice,1.54,-0.4,0.05,1.54,-0.4,0.05
architect,1.56,1.8,-0.39,1.56,1.8,-0.39
army_chaplain,2.08,1.46,0.49,2.08,1.46,0.49
army_general,1.81,3.32,2.33,1.81,3.32,2.33
arsonist,-3.31,1.52,0.65,-3.31,1.52,0.65
artist,1.67,0.76,-0.38,1.67,0.76,-0.38
ass,-1.44,0.26,1.34,-1.44,0.26,1.34
assailant,-2.23,1.58,0.86,-2.23,1.58,0.86
assassin,-2.58,2.68,-0.47,-2.58,2.68,-0.47
assembly_line_worker,0.83,-1.04,0.7,0.83,-1.04,0.7
assistant,1.58,-0.26,0.12,1.58,-0.26,0.12
astrologer,0.88,0.29,-0.45,0.88,0.29,-0.45
astronaut,2.53,2.24,0.71,2.53,2.24,0.71
atheist,-0.52,-0.52,-0.03,-0.52,-0.52,-0.03
athlete,1.79,2.52,2.4,1.79,2.52,2.4
attorney,1.16,2.46,1.62,1.16,2.46,1.62
attorney_general,0.9,2.69,0.98,0.9,2.69,0.98
auctioneer,0.82,1.18,3.04,0.82,1.18,3.04
auditor,-0.08,1.44,-0.67,-0.08,1.44,-0.67
auditor_general,-0.12,1.57,0.22,-0.12,1.57,0.22
aunt,2.04,0.68,0.68,2.04,0.68,0.68
author,1.39,1.84,-1.21,1.39,1.84,-1.21
authority,0.75,3.06,0.69,0.75,3.06,0.69
autistic_person,0.68,-0.92,-0.19,0.68,-0.92,-0.19
auto_mechanic,1.33,0.48,0.76,1.33,0.48,0.76
automobile_assembler,1.04,0.35,0.86,1.04,0.35,0.86
baby,2.55,-2.58,1.63,2.55,-2.58,1.63
babysitter,2.01,1.28,0.59,2.01,1.28,0.59
bachelor,0.69,0.74,1.41,0.69,0.74,1.41
backstabber,-3.73,0.83,-0.25,-3.73,0.83,-0.25
bailiff,0.9,1.66,0.26,0.9,1.66,0.26
bailsman,0.59,1.35,0.47,0.59,1.35,0.47
baker,1.91,0.57,0.06,1.91,0.57,0.06
bandit,-2.2,0.92,1.31,-2.2,0.92,1.31
bank_manager,0.98,1.91,0.2,0.98,1.91,0.2
bank_teller,1.14,0.56,-0.49,1.14,0.56,-0.49
banker,1.02,1.27,-0.66,1.02,1.27,-0.66
baptist,0.73,0.65,0.84,0.73,0.65,0.84
barber,1.33,0.25,0.45,1.33,0.25,0.45
bartender,1.15,1.17,2.21,1.15,1.17,2.21
bastard,-1.66,-0.72,0.6,-1.66,-0.72,0.6
battered_woman,-2.2,-1.99,-1.69,-2.2,-1.99,-1.69
beautician,1.36,0.05,1.08,1.36,0.05,1.08
beauty,2.4,2.05,0.4,2.4,2.05,0.4
beggar,-1.17,-2.69,-0.77,-1.17,-2.69,-0.77
beginner,0.3,-1.42,-0.87,0.3,-1.42,-0.87
bellhop,1.2,-0.94,0.95,1.2,-0.94,0.95
benefactor,2.02,2.11,0.16,2.02,2.11,0.16
best_friend,3.58,3.15,1.48,3.58,3.15,1.48
best_man,2.55,1.48,0.84,2.55,1.48,0.84
big_shot,-0.62,1.28,2.08,-0.62,1.28,2.08
bigamist,-1.91,-0.06,0.97,-1.91,-0.06,0.97
bigot,-2.69,-0.48,1.46,-2.69,-0.48,1.46
bill_collector,-1.15,1.62,0.83,-1.15,1.62,0.83
biologist,1.86,1.52,-0.11,1.86,1.52,-0.11
bisexual,-0.21,-0.27,0.36,-0.21,-0.27,0.36
bitch,-2.54,0.17,2.3,-2.54,0.17,2.3
blabbermouth,-1.96,-0.12,2.96,-1.96,-0.12,2.96
black_man,1.35,1.04,1.09,1.35,1.04,1.09
black_professional,1.56,1.43,0.73,1.56,1.43,0.73
black_woman,1.36,1.46,1.88,1.36,1.46,1.88
blacksmith,1.2,1.13,0.93,1.2,1.13,0.93
blind_date,0.58,-0.09,0.01,0.58,-0.09,0.01
blind_person,0.65,-1.27,-1.56,0.65,-1.27,-1.56
blockhead,-1.63,-1.26,-0.84,-1.63,-1.26,-0.84
blogger,0.42,0.39,1.02,0.42,0.39,1.02
blonde,0.69,0.28,0.95,0.69,0.28,0.95
blood_donor,3.08,2.25,-0.37,3.08,2.25,-0.37
blue_collar_worker,1.34,-0.3,0.41,1.34,-0.3,0.41
board_director,0.98,2.69,1.26,0.98,2.69,1.26
boarder,0.16,-0.18,-0.11,0.16,-0.18,-0.11
bodyguard,1.84,2.84,0.5,1.84,2.84,0.5
bohemian,0.78,0.19,0.13,0.78,0.19,0.13
bonehead,-1.82,-1.73,-0.8,-1.82,-1.73,-0.8
bookie,-0.49,0.99,-0.16,-0.49,0.99,-0.16
bookkeeper,1.36,-0.28,-1.71,1.36,-0.28,-1.71
bookworm,1.61,0.37,-2.39,1.61,0.37,-2.39
boor,-0.88,-0.6,-1,-0.88,-0.6,-1
bore,-1.66,-1.14,-2.12,-1.66,-1.14,-2.12
born_again_Christian,1.45,0.97,0.78,1.45,0.97,0.78
boss,0.88,3.08,1.33,0.88,3.08,1.33
bouncer,0.61,2.33,0.74,0.61,2.33,0.74
boxer,0.56,2.52,2.54,0.56,2.52,2.54
boy,1.03,0.89,1.74,1.03,0.89,1.74
boy_scout,1.73,0.46,0.96,1.73,0.46,0.96
boyfriend,1.98,1.72,0.92,1.98,1.72,0.92
braggart,-1.73,-0.75,1.88,-1.73,-0.75,1.88
brain,3.41,3.72,2.31,3.41,3.72,2.31
brat,-2.89,-0.08,2.66,-2.89,-0.08,2.66
breadwinner,2.19,2.28,0.9,2.19,2.28,0.9
bricklayer,1.12,0.46,0.03,1.12,0.46,0.03
bride,2.01,1.83,1.29,2.01,1.83,1.29
bridegroom,1.51,1.27,0.15,1.51,1.27,0.15
bridesmaid,2.14,0.41,1.13,2.14,0.41,1.13
broad,-0.29,-0.35,0.98,-0.29,-0.35,0.98
broadcast_news_analyst,0.61,1.32,1.47,0.61,1.32,1.47
brother,1.85,1.71,1.56,1.85,1.71,1.56
brother_in_law,1.07,0.26,0.44,1.07,0.26,0.44
brunette,1.35,0.76,0.42,1.35,0.76,0.42
brute,-2.03,1.79,1.51,-2.03,1.79,1.51
buddy,2.68,1.96,1.1,2.68,1.96,1.1
buffoon,-1.62,-1.31,0.72,-1.62,-1.31,0.72
building_contractor,1.11,1.41,0.98,1.11,1.41,0.98
bulldozer_operator,0.41,1.13,1.51,0.41,1.13,1.51
bully,-3.32,0.74,1.99,-3.32,0.74,1.99
bum,-1.85,-2.49,-1.56,-1.85,-2.49,-1.56
bureaucrat,-0.61,1.34,0.2,-0.61,1.34,0.2
burglar,-3.35,0.93,-0.47,-3.35,0.93,-0.47
bus_driver,1.33,0.15,0.15,1.33,0.15,0.15
busboy,0.85,-1.06,0.6,0.85,-1.06,0.6
businessman,0.69,1.82,1.25,0.69,1.82,1.25
businesswoman,1.86,2.27,1.72,1.86,2.27,1.72
busybody,0.36,0.62,2.43,0.36,0.62,2.43
butcher,0.63,0.85,0.74,0.63,0.85,0.74
bystander,-0.05,-0.54,-1.31,-0.05,-0.54,-1.31
cabinet_maker,1.06,0.62,0.29,1.06,0.62,0.29
cabinet_member,0.55,1.82,0.48,0.55,1.82,0.48
cad,-1.17,-0.57,0.97,-1.17,-0.57,0.97
call_girl,-1.08,-0.66,1.03,-1.08,-0.66,1.03
capitalist,0.65,1.71,1.29,0.65,1.71,1.29
captive,-1.14,-2.66,-0.87,-1.14,-2.66,-0.87
carpenter,1.26,0.69,1.02,1.26,0.69,1.02
cashier,0.61,-0.75,0.45,0.61,-0.75,0.45
casual_laborer,0.8,-0.43,-0.07,0.8,-0.43,-0.07
celebrity,0.3,2.17,2.05,0.3,2.17,2.05
cement_worker,0.74,0.08,0.83,0.74,0.08,0.83
censor,-0.84,1.64,-0.22,-0.84,1.64,-0.22
chain_smoker,-2.4,-1.7,-0.65,-2.4,-1.7,-0.65
chairman,0.62,2.46,0.63,0.62,2.46,0.63
chairman_of_the_board,0.92,2.95,1.01,0.92,2.95,1.01
chairperson,1.03,2.52,0.83,1.03,2.52,0.83
chairwoman,1.45,2.35,0.93,1.45,2.35,0.93
chambermaid,0.39,-1.43,-0.75,0.39,-1.43,-0.75
champion,2.29,2.86,1.93,2.29,2.86,1.93
chap,1.12,0.08,0.45,1.12,0.08,0.45
chaperone,0.93,1.33,-0.12,0.93,1.33,-0.12
chaplain,2.04,1.7,-0.31,2.04,1.7,-0.31
chatterbox,-0.42,0.27,2.96,-0.42,0.27,2.96
chauffeur,1.41,-0.39,-0.71,1.41,-0.39,-0.71
cheat,-3.03,-0.58,-0.14,-3.03,-0.58,-0.14
cheerleader,1.08,0.09,3.05,1.08,0.09,3.05
chef,1.91,1.49,1.82,1.91,1.49,1.82
chemical_engineer,1.69,1.86,-0.43,1.69,1.86,-0.43
chemist,1.61,1.78,-0.63,1.61,1.78,-0.63
chief_operations_officer,0.94,2.52,1.11,0.94,2.52,1.11
child,1.97,-1.17,1.99,1.97,-1.17,1.99
child_molester,-4.17,0.15,-0.91,-4.17,0.15,-0.91
chiropractor,1.63,1.28,-0.3,1.63,1.28,-0.3
choreographer,1.31,1.13,2.12,1.31,1.13,2.12
chum,-0.84,-1.16,-0.82,-0.84,-1.16,-0.82
church_deacon,1.44,1.43,-0.13,1.44,1.43,-0.13
citizen,1.42,1,0.52,1.42,1,0.52
city_councilor,0.57,1.89,0.8,0.57,1.89,0.8
civil_engineer,1.84,1.58,-0.03,1.84,1.58,-0.03
civil_servant,1.13,-0.42,-0.54,1.13,-0.42,-0.54
classmate,1,0.21,0.27,1,0.21,0.27
cleaning_woman,1.65,-0.06,-0.02,1.65,-0.06,-0.02
clergy,0.94,1.42,-0.64,0.94,1.42,-0.64
clerical_worker,1.1,-0.08,-0.55,1.1,-0.08,-0.55
clerk,1.02,-0.39,-0.11,1.02,-0.39,-0.11
client,1.39,1.27,0.92,1.39,1.27,0.92
clod,-1.18,-0.48,-0.34,-1.18,-0.48,-0.34
clown,-0.18,-1.15,2.03,-0.18,-1.15,2.03
co_worker,1.39,0.25,0.43,1.39,0.25,0.43
coach,2.02,2.6,2.34,2.02,2.6,2.34
coal_miner,0.78,0.02,0.48,0.78,0.02,0.48
collaborator,1.42,1.34,0.76,1.42,1.34,0.76
colleague,1.57,1.02,0.39,1.57,1.02,0.39
college_student,1.78,0.4,1.81,1.78,0.4,1.81
comedian,1.85,1.16,2.97,1.85,1.16,2.97
commentator,0.98,0.96,1.94,0.98,0.96,1.94
commissioned_officer,1.33,2.06,0.89,1.33,2.06,0.89
commissioner,0.88,1.77,0.59,0.88,1.77,0.59
communist,-1.41,0.58,0.42,-1.41,0.58,0.42
companion,3.11,2.1,0.4,3.11,2.1,0.4
competitor,0.35,1.88,1.59,0.35,1.88,1.59
computer_programmer,1.59,1.54,-0.03,1.59,1.54,-0.03
computer_security_specialist,1.52,1.46,-0.67,1.52,1.46,-0.67
computer_support_specialist,1.45,0.76,0.07,1.45,0.76,0.07
con_artist,-2.52,1.42,0.86,-2.52,1.42,0.86
confidant,2.46,2.44,-0.53,2.46,2.44,-0.53
conformist,-1.06,-2.01,-0.91,-1.06,-2.01,-0.91
connoisseur,1.35,0.97,-0.04,1.35,0.97,-0.04
conservative,0.48,0.55,-0.25,0.48,0.55,-0.25
construction_contractor,1.19,1.4,1.33,1.19,1.4,1.33
construction_foreman,1.11,1.44,1.46,1.11,1.44,1.46
construction_laborer,1.2,0.69,1.58,1.2,0.69,1.58
consultant,1.61,1.59,0.82,1.61,1.59,0.82
consumer,1.17,1.44,0.99,1.17,1.44,0.99
convict,-2.18,-1.02,0.36,-2.18,-1.02,0.36
cook,2.16,1.66,1.51,2.16,1.66,1.51
cop,0.96,2.66,1.05,0.96,2.66,1.05
copycat,-1.99,-1.23,0.03,-1.99,-1.23,0.03
coroner,0.58,0.52,-1.27,0.58,0.52,-1.27
cosmetologist,1.41,0.37,0.53,1.41,0.37,0.53
counselor,2.58,1.6,-0.84,2.58,1.6,-0.84
cousin,1.52,0.3,0.7,1.52,0.3,0.7
coward,-2.32,-3.01,-2.04,-2.32,-3.01,-2.04
craftsman,1.71,0.96,-0.21,1.71,0.96,-0.21
crane_operator,0.91,1.3,0.09,0.91,1.3,0.09
creditor,-0.56,1.61,0.58,-0.56,1.61,0.58
criminal,-2.58,-0.25,0.59,-2.58,-0.25,0.59
cripple,-0.05,-1.91,-1.87,-0.05,-1.91,-1.87
critic,-0.45,1.55,1.32,-0.45,1.55,1.32
crook,-2.77,-0.31,0.21,-2.77,-0.31,0.21
crybaby,-2.46,-2.1,1.91,-2.46,-2.1,1.91
culprit,-2.15,-0.16,0.75,-2.15,-0.16,0.75
custodian,1.49,-0.9,-1.02,1.49,-0.9,-1.02
customer,1.19,1.38,0.62,1.19,1.38,0.62
customer_systems_analyst,0.9,0.3,-0.63,0.9,0.3,-0.63
customs_officer,0.27,1.35,-0.03,0.27,1.35,-0.03
cutthroat,-2.05,1.4,0.93,-2.05,1.4,0.93
cynic,-1.43,-0.4,0.26,-1.43,-0.4,0.26
dairy_farmer,1.52,0.39,-0.68,1.52,0.39,-0.68
daredevil,0.54,1.69,3.17,0.54,1.69,3.17
daughter,1.69,0.92,1.26,1.69,0.92,1.26
daughter_in_law,1.33,0.24,0.13,1.33,0.24,0.13
deadbeat,-2.72,-2.47,-1.95,-2.72,-2.47,-1.95
deadbeat_dad,-3.35,-0.9,-0.99,-3.35,-0.9,-0.99
decorator,1.62,0.62,1.08,1.62,0.62,1.08
defendant,0.15,-0.47,-0.1,0.15,-0.47,-0.1
defense_attorney,0.88,2.17,1.44,0.88,2.17,1.44
degenerate,-1.67,-1.41,-0.49,-1.67,-1.41,-0.49
delinquent,-2.26,-1.14,1.41,-2.26,-1.14,1.41
dental_assistant,1.31,-0.09,0.02,1.31,-0.09,0.02
dental_hygienist,1.71,0.91,0.32,1.71,0.91,0.32
dentist,1.54,1.33,0.16,1.54,1.33,0.16
deputy,1.03,1.97,0.77,1.03,1.97,0.77
detective,1.7,1.95,-0.7,1.7,1.95,-0.7
devil,-3.6,1.93,1.3,-3.6,1.93,1.3
dietitian,1.52,0.77,-0.18,1.52,0.77,-0.18
dimwit,-1.51,-2.12,-1.24,-1.51,-2.12,-1.24
diner,1.43,-0.22,1.6,1.43,-0.22,1.6
diplomat,1.11,2.34,0.93,1.11,2.34,0.93
disabled_person,0.31,-1,-1.3,0.31,-1,-1.3
disciplinarian,0.11,2.21,0.99,0.11,2.21,0.99
dishwasher,1.77,0.09,1.49,1.77,0.09,1.49
disregard,-1.4,0.65,-0.12,-1.4,0.65,-0.12
district_attorney,1.02,2.52,1.12,1.02,2.52,1.12
divorce,-1.6,0.95,0.42,-1.6,0.95,0.42
divorce_lawyer,-0.45,1.94,1.04,-0.45,1.94,1.04
divorcee,-1.11,0.03,0.17,-1.11,0.03,0.17
do_nothing,-1.96,-2.59,-2.27,-1.96,-2.59,-2.27
doctor,2.73,2.94,0.21,2.73,2.94,0.21
doll,1.1,-1.59,-2.21,1.1,-1.59,-2.21
dolt,-0.86,-0.99,-0.73,-0.86,-0.99,-0.73
dope,-1.34,-1.43,-1.12,-1.34,-1.43,-1.12
drag_queen,0.13,0.42,2.12,0.13,0.42,2.12
dropout,-1.98,-2.3,-1.01,-1.98,-2.3,-1.01
drug_addict,-2.5,-2.46,-0.05,-2.5,-2.46,-0.05
drug_dealer,-2.26,1.57,-0.73,-2.26,1.57,-0.73
drunk,-1.5,-1.21,1.66,-1.5,-1.21,1.66
drunkard,-2.29,-1.65,0.86,-2.29,-1.65,0.86
dummy,-1.4,-2.23,-1.49,-1.4,-2.23,-1.49
dunce,-1.69,-2.14,-0.96,-1.69,-2.14,-0.96
economist,0.97,1.03,-0.02,0.97,1.03,-0.02
editor,1.09,1.64,0.15,1.09,1.64,0.15
education_administrator,1.4,2.15,0.64,1.4,2.15,0.64
educator,2.57,2.59,0.6,2.57,2.59,0.6
electrical_engineer,1.79,1.66,0.3,1.79,1.66,0.3
electrical_linesman,1,0.56,0.34,1,0.56,0.34
electrician,1.24,0.44,-0.2,1.24,0.44,-0.2
elementary_school_student,1.29,-0.95,2.26,1.29,-0.95,2.26
elementary_school_teacher,2.72,1.72,0.93,2.72,1.72,0.93
employee,1.14,-0.38,0.3,1.14,-0.38,0.3
employer,1.5,2.47,0.63,1.5,2.47,0.63
enemy,-2.73,1.38,1.17,-2.73,1.38,1.17
engineer,1.72,2,0.45,1.72,2,0.45
entrepreneur,1.62,1.99,2.13,1.62,1.99,2.13
environmentalist,1.95,0.8,0.91,1.95,0.8,0.91
evangelical_Christian,0.7,0.73,0.84,0.7,0.73,0.84
evangelist,0.81,1.17,1.18,0.81,1.17,1.18
evildoer,-3.46,1.88,0.89,-3.46,1.88,0.89
ex_boyfriend,-1.2,-0.61,0.46,-1.2,-0.61,0.46
ex_convict,-1.13,-0.97,0.34,-1.13,-0.97,0.34
ex_girlfriend,-1.07,0.22,0.71,-1.07,0.22,0.71
ex_husband,-1.48,-0.4,0.14,-1.48,-0.4,0.14
ex_wife,-1.52,0.26,0.97,-1.52,0.26,0.97
executioner,-1.83,2.77,0.19,-1.83,2.77,0.19
executive,0.92,2.83,1.42,0.92,2.83,1.42
expert,2,2.78,0.56,2,2.78,0.56
extrovert,1.29,1.62,2.64,1.29,1.62,2.64
eyewitness,1.52,1.87,-0.02,1.52,1.87,-0.02
failure,-2.26,-0.73,-0.55,-2.26,-0.73,-0.55
fan,1.73,0.89,2.16,1.73,0.89,2.16
fanatic,-0.29,0.5,2.54,-0.29,0.5,2.54
farm_laborer,1.56,0.11,-0.24,1.56,0.11,-0.24
farmer,2.16,0.42,-0.51,2.16,0.42,-0.51
fast_food_server,0.69,-1.05,0.94,0.69,-1.05,0.94
father,2.57,2.85,0.63,2.57,2.85,0.63
father_my,2.34,2.41,0.06,2.34,2.41,0.06
father_in_law,1.38,1.73,0.23,1.38,1.73,0.23
fellow,1.32,0.53,-0.04,1.32,0.53,-0.04
felon,-2.68,-0.23,0.88,-2.68,-0.23,0.88
female,1.78,0.83,0.84,1.78,0.83,0.84
feminist,0.7,0.94,1.71,0.7,0.94,1.71
fiance,2.39,1.97,0.61,2.39,1.97,0.61
fiancee,2.51,1.71,0.73,2.51,1.71,0.73
fiend,-1.51,0.63,1,-1.51,0.63,1
fighter,0.75,2.42,2.26,0.75,2.42,2.26
file_clerk,0.52,-1.04,-1.18,0.52,-1.04,-1.18
film_star,0.4,1.76,1.74,0.4,1.76,1.74
fire_investigator,1.92,1.62,0.41,1.92,1.62,0.41
firefighter,3.24,2.96,2.28,3.24,2.96,2.28
firstborn,1.77,1.58,0.71,1.77,1.58,0.71
fisherman,1.41,0.24,-0.87,1.41,0.24,-0.87
flight_attendant,1.43,0.24,0.22,1.43,0.24,0.22
flirt,0.61,0.96,1.59,0.61,0.96,1.59
flunky,-1.67,-1.65,-0.41,-1.67,-1.65,-0.41
follower,-0.08,-1.25,-1.05,-0.08,-1.25,-1.05
fool,-1.52,-1.78,0.7,-1.52,-1.78,0.7
foreigner,1.1,-0.69,0.11,1.1,-0.69,0.11
foreman,0.5,1.09,0.39,0.5,1.09,0.39
forest_ranger,2.04,1.05,-0.2,2.04,1.05,-0.2
foster_child,1.19,-0.47,-0.04,1.19,-0.47,-0.04
foster_daughter,1.55,0.06,-0.28,1.55,0.06,-0.28
foster_father,1.95,1.69,0.19,1.95,1.69,0.19
foster_mother,2.34,1.71,0.27,2.34,1.71,0.27
foster_parent,2.27,1.87,0.47,2.27,1.87,0.47
foster_son,0.97,-0.38,-0.04,0.97,-0.38,-0.04
freak,-0.51,-0.39,0.42,-0.51,-0.39,0.42
freeloader,-2.33,-1.97,-0.53,-2.33,-1.97,-0.53
friend,3.44,2.6,1.08,3.44,2.6,1.08
fugitive,-1.77,-0.88,0.4,-1.77,-0.88,0.4
fundamentalist,-0.25,0.65,0.47,-0.25,0.65,0.47
fundraiser,2.72,2.37,1.44,2.72,2.37,1.44
funeral_director,0.84,0.61,-1.44,0.84,0.61,-1.44
gal,1.9,0.71,0.71,1.9,0.71,0.71
gambler,-1.13,-1.08,1.61,-1.13,-1.08,1.61
gamer,0.37,-0.17,0.73,0.37,-0.17,0.73
gangster,-2.31,1.18,2.07,-2.31,1.18,2.07
garbage_collector,1.18,-0.66,0.45,1.18,-0.66,0.45
gas_station_attendant,0.72,-1.07,-0.41,0.72,-1.07,-0.41
gay,0.77,0.05,0.79,0.77,0.05,0.79
geek,1.49,0.56,-1.09,1.49,0.56,-1.09
genius,2.15,2.62,-0.06,2.15,2.62,-0.06
gentleman,3.17,2.17,-0.2,3.17,2.17,-0.2
geologist,1.3,0.33,-1.13,1.3,0.33,-1.13
girl,2.12,1.46,1.18,2.12,1.46,1.18
girl_scout,2.12,-0.23,0.85,2.12,-0.23,0.85
girlfriend,2.09,1.37,1.08,2.09,1.37,1.08
glutton,-1.88,-0.54,-0.01,-1.88,-0.54,-0.01
gold_digger,-2.5,-0.45,0.72,-2.5,-0.45,0.72
golfer,0.68,0.19,-1.42,0.68,0.19,-1.42
goon,-1.52,-0.34,1.05,-1.52,-0.34,1.05
gossip,-2.12,0.94,1.67,-2.12,0.94,1.67
governor,0.68,2.18,0.6,0.68,2.18,0.6
graduate_student,1.99,1.11,0.13,1.99,1.11,0.13
grandchild,2.46,-0.53,2.21,2.46,-0.53,2.21
granddaughter,2.04,0.27,1.19,2.04,0.27,1.19
grandfather,2.75,1.64,-0.87,2.75,1.64,-0.87
grandmother,2.73,0.83,-1.06,2.73,0.83,-1.06
grandparent,2.73,1.81,-1.22,2.73,1.81,-1.22
grandson,2.11,0.37,1.65,2.11,0.37,1.65
granny,2.68,0.54,-1.78,2.68,0.54,-1.78
grind,0.48,1.55,1.05,0.48,1.55,1.05
grouch,-2.39,-1.18,-0.7,-2.39,-1.18,-0.7
grownup,0.99,1.98,0.08,0.99,1.98,0.08
guest,1.43,0.19,0.23,1.43,0.19,0.23
gunman,-2.22,2.38,1.21,-2.22,2.38,1.21
guy,0.83,1.35,1.15,0.83,1.35,1.15
hairdresser,1.57,-0.02,1.11,1.57,-0.02,1.11
hairstylist,1.73,0.53,0.8,1.73,0.53,0.8
half_brother,0.95,0.41,0.43,0.95,0.41,0.43
half_sister,0.65,0.2,0.47,0.65,0.2,0.47
half_wit,-1.64,-1.83,-0.79,-1.64,-1.83,-0.79
handicapped_person,0.46,-0.92,-1.27,0.46,-0.92,-1.27
handyman,1.75,1.06,0.65,1.75,1.06,0.65
has_been,-0.93,-1.98,-0.73,-0.93,-1.98,-0.73
heel,0.35,0.53,0.28,0.35,0.53,0.28
helper,2.84,1.77,0.56,2.84,1.77,0.56
henchman,-1.89,-0.18,0.41,-1.89,-0.18,0.41
hermit,-0.12,-1.49,-2.4,-0.12,-1.49,-2.4
hero,3.68,3.48,1.46,3.68,3.48,1.46
heterosexual,1.33,0.99,0.39,1.33,0.99,0.39
hick,-0.31,-0.74,0.64,-0.31,-0.74,0.64
hillbilly,-0.68,-1.34,0.32,-0.68,-1.34,0.32
hippie,0.65,-0.78,-0.39,0.65,-0.78,-0.39
hipster,-0.01,-0.5,-0.31,-0.01,-0.5,-0.31
homeless_person,-0.62,-2.42,-1.19,-0.62,-2.42,-1.19
homosexual,0.5,0.07,0.72,0.5,0.07,0.72
hooker,-1.54,-1.76,0.61,-1.54,-1.76,0.61
host,2.2,1.74,1.57,2.2,1.74,1.57
hostage,-1.62,-2.92,-1.46,-1.62,-2.92,-1.46
hostess,1.81,0.05,0.98,1.81,0.05,0.98
hothead,-1.89,-0.45,2.73,-1.89,-0.45,2.73
hotshot,-0.96,1.07,2.51,-0.96,1.07,2.51
housebreaker,-2.84,0.97,0.96,-2.84,0.97,0.96
houseguest,1.46,-0.19,0.31,1.46,-0.19,0.31
housekeeper,1.44,-0.8,-0.52,1.44,-0.8,-0.52
housewife,1.67,0.05,-0.03,1.67,0.05,-0.03
hunk,0.82,1.51,1,0.82,1.51,1
husband,2.21,1.76,0.36,2.21,1.76,0.36
hypochondriac,-1.41,-1.71,0.36,-1.41,-1.71,0.36
hypocrite,-2.64,-1.26,1.08,-2.64,-1.26,1.08
idiot,-2.17,-1.7,0.27,-2.17,-1.7,0.27
illegitimate_child,-0.73,-0.78,-0.05,-0.73,-0.78,-0.05
imbecile,-2.49,-1.95,-0.01,-2.49,-1.95,-0.01
immigrant,0.7,-0.78,-0.05,0.7,-0.78,-0.05
immigration_officer,0.06,1.68,0.86,0.06,1.68,0.86
in_law,0.42,0.95,1.19,0.42,0.95,1.19
infant,2.26,-2.32,1.13,2.26,-2.32,1.13
informant,0.37,1.48,-0.24,0.37,1.48,-0.24
informer,0.8,1.44,0.39,0.8,1.44,0.39
inmate,-1.64,-1.42,0.03,-1.64,-1.42,0.03
innocent,1.81,-0.65,-1.05,1.81,-0.65,-1.05
insider,0.73,2.08,-0.45,0.73,2.08,-0.45
inspector,0.55,1.58,-0.71,0.55,1.58,-0.71
instructor,1.8,1.99,0.69,1.8,1.99,0.69
insurance_agent,0.64,0.68,0.19,0.64,0.68,0.19
insurance_claims_investigator,0,1.18,0.06,0,1.18,0.06
intellectual,2.08,2.52,0.11,2.08,2.52,0.11
intern,1.51,-1.38,0.04,1.51,-1.38,0.04
interpreter,2.16,1.95,0.88,2.16,1.95,0.88
interrogator,-0.21,2.28,1.32,-0.21,2.28,1.32
interviewer,0.63,1.83,0.83,0.63,1.83,0.83
intimate,2.1,1.9,0,2.1,1.9,0
introvert,0.15,-0.87,-2.56,0.15,-0.87,-2.56
intruder,-3.03,0.91,-0.05,-3.03,0.91,-0.05
invalid,-0.98,-1.66,-0.69,-0.98,-1.66,-0.69
investigator,1.62,2.02,0.19,1.62,2.02,0.19
jackass,-2.55,-0.56,2.12,-2.55,-0.56,2.12
janitor,1.44,-1.01,-1.04,1.44,-1.01,-1.04
jerk,-2.64,0.01,1.82,-2.64,0.01,1.82
jeweler,0.79,0.49,-0.63,0.79,0.49,-0.63
job_seeker,1.43,-0.49,0.47,1.43,-0.49,0.47
jock,0.08,1.87,2.14,0.08,1.87,2.14
journalist,0.76,1.48,1.01,0.76,1.48,1.01
judge,1.18,2.52,-0.15,1.18,2.52,-0.15
junkie,-1.95,-1.95,-0.25,-1.95,-1.95,-0.25
juror,0.97,2.46,-1.22,0.97,2.46,-1.22
jury_foreman,0.64,1.3,-0.06,0.64,1.3,-0.06
juvenile,-0.22,-1.07,1.32,-0.22,-1.07,1.32
kid,1.18,-1.42,2.45,1.18,-1.42,2.45
kidnapper,-3.83,1.19,-0.04,-3.83,1.19,-0.04
killjoy,-2.22,0.7,-0.25,-2.22,0.7,-0.25
klutz,-0.78,-1.35,1.29,-0.78,-1.35,1.29
know_it_all,-1.53,0.4,1.71,-1.53,0.4,1.71
kook,-0.35,-0.19,0.94,-0.35,-0.19,0.94
labor_union_leader,0.6,2.07,1.92,0.6,2.07,1.92
laborer,0.94,-0.35,0.43,0.94,-0.35,0.43
lackey,-0.38,-1.25,-0.45,-0.38,-1.25,-0.45
lady,1.88,1.05,0.25,1.88,1.05,0.25
laid_off_worker,-1.39,-2.11,-1.05,-1.39,-2.11,-1.05
landlady,0.16,1.71,0.62,0.16,1.71,0.62
landlord,0.12,2.08,0.61,0.12,2.08,0.61
landscape_architect,1.71,1.16,-0.32,1.71,1.16,-0.32
landscaper,1.17,0.06,0.33,1.17,0.06,0.33
law_student,1.48,1.71,0.2,1.48,1.71,0.2
lawyer,0.88,2.65,1.78,0.88,2.65,1.78
leader,2.34,3.14,1.33,2.34,3.14,1.33
lecturer,1.28,1.76,0.39,1.28,1.76,0.39
legislator,-0.08,2.26,0.23,-0.08,2.26,0.23
lesbian,0.57,0.13,0.46,0.57,0.13,0.46
liar,-2.84,0.16,0.16,-2.84,0.16,0.16
liberal,0.77,0.81,1.36,0.77,0.81,1.36
librarian,1.96,-0.46,-2.12,1.96,-0.46,-2.12
library_assistant,1.56,-0.45,-2,1.56,-0.45,-2
little_brother,1.77,-0.41,1.95,1.77,-0.41,1.95
little_sister,1.96,-0.47,1.57,1.96,-0.47,1.57
loafer,-0.96,-1.34,-1.7,-0.96,-1.34,-1.7
loan_shark,-1.72,1.82,0.49,-1.72,1.82,0.49
lobby_attendant,1.19,-0.48,-0.22,1.19,-0.48,-0.22
lobbyist,-0.04,1.56,1.68,-0.04,1.56,1.68
locksmith,1.16,0.75,-0.43,1.16,0.75,-0.43
logger,0.77,1.07,0.66,0.77,1.07,0.66
loner,-0.46,-0.88,-2.09,-0.46,-0.88,-2.09
loser,-1.85,-2.5,-1.44,-1.85,-2.5,-1.44
louse,-1.25,-0.74,0.22,-1.25,-0.74,0.22
lout,-0.93,-0.28,-0.26,-0.93,-0.28,-0.26
lover,2.66,2.71,0.69,2.66,2.71,0.69
lunatic,-2.25,-0.17,2,-2.25,-0.17,2
machine_operator_in_a_factory,0.9,0.34,1.14,0.9,0.34,1.14
machine_repairer,1.41,1.1,0.69,1.41,1.1,0.69
madman,-2.23,0.82,2.3,-2.23,0.82,2.3
mafioso,-0.87,1.32,0.29,-0.87,1.32,0.29
magician,1.12,0.72,1.83,1.12,0.72,1.83
maid,1.54,-1.03,-0.77,1.54,-1.03,-0.77
maiden,1.04,-0.79,-0.69,1.04,-0.79,-0.69
mail_carrier,2.03,-0.08,-0.19,2.03,-0.08,-0.19
malcontent,-1.63,-0.16,0.22,-1.63,-0.16,0.22
male,1.07,2.01,1.05,1.07,2.01,1.05
malingerer,-1.51,0.07,-0.58,-1.51,0.07,-0.58
man,1.19,1.75,0.68,1.19,1.75,0.68
manager,1.2,2.66,1.3,1.2,2.66,1.3
manager_of_branch_store,1.19,1.38,1.2,1.19,1.38,1.2
maniac,-1.99,0.55,1.63,-1.99,0.55,1.63
marine,2.58,2.81,1.09,2.58,2.81,1.09
mastermind,0.72,2.87,0.79,0.72,2.87,0.79
maverick,0.74,1.25,1.45,0.74,1.25,1.45
mayor,1.07,1.99,0.83,1.07,1.99,0.83
mechanical_engineer,1.63,1.72,-0.03,1.63,1.72,-0.03
medic,2.83,2.67,2.02,2.83,2.67,2.02
menace,-2.52,0.51,1.77,-2.52,0.51,1.77
mental_case,-1.26,-0.53,0.51,-1.26,-0.53,0.51
mental_patient,-0.48,-1.57,-0.14,-0.48,-1.57,-0.14
mentor,3.12,2.97,0.19,3.12,2.97,0.19
merchant,0.79,0.39,1.35,0.79,0.39,1.35
midget,0.42,-0.6,0.08,0.42,-0.6,0.08
migrant_worker,0.74,-1.12,0.1,0.74,-1.12,0.1
millionaire,0.43,2.57,1.18,0.43,2.57,1.18
miner,0.87,-0.06,0.44,0.87,-0.06,0.44
minister,1.69,2.1,0.69,1.69,2.1,0.69
minor,0.18,-1.4,1.08,0.18,-1.4,1.08
minority,1.01,-0.73,0.15,1.01,-0.73,0.15
miser,-1.58,-0.66,-1.12,-1.58,-0.66,-1.12
missionary,2.23,1.39,0.13,2.23,1.39,0.13
mistress,-2.29,-0.22,0.12,-2.29,-0.22,0.12
mobster,-2.48,2.49,1.56,-2.48,2.49,1.56
moron,-2.15,-2.1,0.03,-2.15,-2.1,0.03
motel_owner,0.38,0.3,0.09,0.38,0.3,0.09
mother,3.1,2.71,0.82,3.1,2.71,0.82
mother_in_law,1.01,1.32,1.37,1.01,1.32,1.37
mother_in_law_maternal,0.54,1.42,1.3,0.54,1.42,1.3
mourner,-0.23,-1.72,-1.62,-0.23,-1.72,-1.62
mugger,-3.58,1.23,1.12,-3.58,1.23,1.12
murderer,-3.88,1.8,0.01,-3.88,1.8,0.01
murderess,-3.18,1.67,0.2,-3.18,1.67,0.2
music_director,1.5,1.33,1.38,1.5,1.33,1.38
musician,1.86,1.37,1.74,1.86,1.37,1.74
myself_as_I_really_am,2.13,1.11,0.67,2.13,1.11,0.67
myself_as_I_would_like_to_be,3.16,2.43,0.89,3.16,2.43,0.89
myself_as_others_see_me,2.22,1.16,0.39,2.22,1.16,0.39
myself_as_others_would_like_me_to_be,2.44,1.11,0.88,2.44,1.11,0.88
negotiator,1.9,2.4,0.58,1.9,2.4,0.58
neighbor,1.45,0.52,0.16,1.45,0.52,0.16
nephew,1.88,-0.27,1.49,1.88,-0.27,1.49
neurotic,-1.16,-0.46,1.44,-1.16,-0.46,1.44
newcomer,0.79,-1.01,-0.87,0.79,-1.01,-0.87
newlywed,2.25,1.46,1.72,2.25,1.46,1.72
newscaster,0.8,1.63,2.24,0.8,1.63,2.24
niece,1.91,-0.43,0.77,1.91,-0.43,0.77
night_watchman,1.58,1.19,-1.44,1.58,1.19,-1.44
ninny,-1.32,-1.95,-0.66,-1.32,-1.95,-0.66
nitwit,-1.67,-1.64,-0.24,-1.67,-1.64,-0.24
nobody,-0.54,-2.78,-2.31,-0.54,-2.78,-2.31
nonconformist,0.84,0.75,0.79,0.84,0.75,0.79
nonsmoker,2.25,1.29,-0.1,2.25,1.29,-0.1
novice,-0.19,-1.56,-0.83,-0.19,-1.56,-0.83
nurse,2.86,1.89,0.65,2.86,1.89,0.65
nursing_assistant,2.28,0.86,0.47,2.28,0.86,0.47
nut,0.03,-0.83,0.21,0.03,-0.83,0.21
nutritionist,2.31,1.13,0.32,2.31,1.13,0.32
oddball,0.22,-0.48,-0.02,0.22,-0.48,-0.02
offender,-2.4,0.6,1.31,-2.4,0.6,1.31
old_geezer,0.29,-0.84,-1.92,0.29,-0.84,-1.92
old_man,1.54,-0.58,-2.09,1.54,-0.58,-2.09
online_merchant,0.71,0.73,0.34,0.71,0.73,0.34
onlooker,-0.07,-0.82,-1.21,-0.07,-0.82,-1.21
ophthalmologist,1.64,1.52,-0.17,1.64,1.52,-0.17
opponent,-0.23,1.18,1.16,-0.23,1.18,1.16
opportunist,1.41,2.02,1.82,1.41,2.02,1.82
optical_engineer,1.66,1.43,-0.34,1.66,1.43,-0.34
optimist,2.92,2.47,1.52,2.92,2.47,1.52
organizer,2.28,1.61,0.59,2.28,1.61,0.59
orphan,0.13,-1.7,-1.16,0.13,-1.7,-1.16
outlaw,-1.76,0.68,0.9,-1.76,0.68,0.9
outsider,0.05,-0.95,-0.73,0.05,-0.95,-0.73
pagan,-0.61,-0.41,-0.11,-0.61,-0.41,-0.11
pal,2.87,1.64,0.79,2.87,1.64,0.79
paranoid,-1.19,-1.4,0.44,-1.19,-1.4,0.44
parent,2.56,3.12,0.91,2.56,3.12,0.91
parking_attendant,0.35,-0.2,-0.47,0.35,-0.2,-0.47
parolee,-0.72,-0.84,0.19,-0.72,-0.84,0.19
part_time_employee,0.89,-0.73,0.07,0.89,-0.73,0.07
partner,2.21,1.62,0.56,2.21,1.62,0.56
passenger,0.57,-0.78,-0.09,0.57,-0.78,-0.09
passerby,0.28,-0.65,-0.65,0.28,-0.65,-0.65
pastor,1.91,2.15,0.77,1.91,2.15,0.77
patient,0.58,-1.42,-1.29,0.58,-1.42,-1.29
patriot,1.86,1.72,1.67,1.86,1.72,1.67
patrolman,1.03,1.2,0.37,1.03,1.2,0.37
pawnbroker,-0.34,0.47,0.96,-0.34,0.47,0.96
pedestrian,0.68,-0.53,-0.4,0.68,-0.53,-0.4
pediatrician,2.89,2.49,0.43,2.89,2.49,0.43
peer,1.85,0.78,0.37,1.85,0.78,0.37
person,0.95,0.84,0.38,0.95,0.84,0.38
pessimist,-1.91,-0.85,-0.94,-1.91,-0.85,-0.94
pest,-2.37,-0.03,1.6,-2.37,-0.03,1.6
pharmacist,2.08,1.35,-0.26,2.08,1.35,-0.26
philanthropist,2.51,1.84,0.37,2.51,1.84,0.37
philosopher,1.48,0.9,-1.07,1.48,0.9,-1.07
phony,-2.88,-1.71,0.89,-2.88,-1.71,0.89
photographer,1.56,1.04,-0.74,1.56,1.04,-0.74
physician,2.42,2.38,-0.15,2.42,2.38,-0.15
physicist,1.64,1.48,-0.41,1.64,1.48,-0.41
pickpocket,-2.88,0.44,0.17,-2.88,0.44,0.17
pimp,-2.93,1.93,1.56,-2.93,1.93,1.56
plaintiff,0.23,0.68,0.25,0.23,0.68,0.25
playboy,-0.92,0.45,2.05,-0.92,0.45,2.05
plumber,1.39,0.28,-0.12,1.39,0.28,-0.12
police_officer,0.99,2.54,1.54,0.99,2.54,1.54
policeman,0.96,2.34,1.38,0.96,2.34,1.38
policewoman,1.16,1.86,1.51,1.16,1.86,1.51
political_scientist,0.89,0.85,0.27,0.89,0.85,0.27
politician,-0.9,2.2,1.42,-0.9,2.2,1.42
pornographer,-1.23,0.62,1.09,-1.23,0.62,1.09
poser,-2.09,-1.8,0.44,-2.09,-1.8,0.44
pothead,-0.79,-1.5,-1.77,-0.79,-1.5,-1.77
preacher,1.57,2.22,0.87,1.57,2.22,0.87
president,1.27,3.09,1.06,1.27,3.09,1.06
priest,2.04,2.3,-0.88,2.04,2.3,-0.88
principal,1.49,2.47,0.87,1.49,2.47,0.87
prisoner,-1.72,-2.24,-0.57,-1.72,-2.24,-0.57
private_eye,0.4,1.47,-1.35,0.4,1.47,-1.35
probation_officer,0.3,2,0.69,0.3,2,0.69
probationer,-0.11,0.75,0.31,-0.11,0.75,0.31
prodigy,2.11,2.49,1.04,2.11,2.49,1.04
professional,1.73,2.32,0.23,1.73,2.32,0.23
professor,1.8,2.33,0.37,1.8,2.33,0.37
prosecuting_attorney,0.11,2.32,1.7,0.11,2.32,1.7
prosecutor,0.18,2.75,1.56,0.18,2.75,1.56
prostitute,-1.44,-1.27,0.99,-1.44,-1.27,0.99
prude,-1.2,-0.5,-0.6,-1.2,-0.5,-0.6
psychiatric_patient,-0.29,-1.48,0.04,-0.29,-1.48,0.04
psychiatrist,1.77,1.77,-1.17,1.77,1.77,-1.17
psychoanalyst,0.9,1.15,-0.42,0.9,1.15,-0.42
psychologist,1.54,1.34,-0.85,1.54,1.34,-0.85
psychopath,-2.33,0.59,0.94,-2.33,0.59,0.94
psychotic,-1.74,-0.28,1.41,-1.74,-0.28,1.41
public_relations_specialist,1.51,1.8,1.54,1.51,1.8,1.54
punk,-1.38,-1.08,1.2,-1.38,-1.08,1.2
pupil,1.67,0.19,-0.22,1.67,0.19,-0.22
puritan,0.25,-0.18,-0.75,0.25,-0.18,-0.75
pusher,-1.32,1.31,1.41,-1.32,1.31,1.41
quack,-1.25,-1.14,1.31,-1.25,-1.14,1.31
queer,0.14,-0.5,0.92,0.14,-0.5,0.92
rabbi,2.02,2.12,-0.67,2.02,2.12,-0.67
racist,-3.67,-0.73,1.46,-3.67,-0.73,1.46
racketeer,-0.94,0.7,1.46,-0.94,0.7,1.46
radio_and_television_announcer,0.75,1.28,2.54,0.75,1.28,2.54
railroad_conductor,1.06,1.15,1.12,1.06,1.15,1.12
railroad_engineer,1.04,1,0.94,1.04,1,0.94
rake,0.83,-0.16,0.14,0.83,-0.16,0.14
rancher,0.91,0.33,-0.14,0.91,0.33,-0.14
rapist,-3.95,1.69,1.2,-3.95,1.69,1.2
rat,-1.87,-1.75,0.65,-1.87,-1.75,0.65
real_estate_agent,0.88,1.19,1.23,0.88,1.19,1.23
receptionist,1.29,-0.25,0.08,1.29,-0.25,0.08
redneck,-0.88,-0.38,1.89,-0.88,-0.38,1.89
referee,0.55,2,1.41,0.55,2,1.41
relation,2,1.84,0.42,2,1.84,0.42
relative,2.42,1.59,1.11,2.42,1.59,1.11
reporter,0.62,1.45,2.27,0.62,1.45,2.27
republican,0.21,0.84,0.44,0.21,0.84,0.44
researcher,1.83,1.67,-0.62,1.83,1.67,-0.62
reservist,0.71,-0.05,-1,0.71,-0.05,-1
restaurant_operator,1.46,1.66,1.86,1.46,1.66,1.86
retailer,0.51,0.84,1.12,0.51,0.84,1.12
retiree,1.19,-0.38,-1.64,1.19,-0.38,-1.64
ringleader,0.27,2.71,1.75,0.27,2.71,1.75
rival,-0.92,1.52,1.45,-0.92,1.52,1.45
robber,-3.11,0.52,0.1,-3.11,0.52,0.1
roofer,0.8,0.17,0.81,0.8,0.17,0.81
rookie_cop,0.23,-0.7,0.29,0.23,-0.7,0.29
roommate,1.39,0.77,0.69,1.39,0.77,0.69
runaway,-0.73,-0.37,0.41,-0.73,-0.37,0.41
sadist,-2.48,0.93,0.56,-2.48,0.93,0.56
safecracker,-1.28,0.84,-0.22,-1.28,0.84,-0.22
saint,3.07,2.71,-1.13,3.07,2.71,-1.13
salesclerk,0.67,-0.03,1.12,0.67,-0.03,1.12
salesperson,0.19,0.35,2.35,0.19,0.35,2.35
scapegoat,-1.38,-1.57,-1.07,-1.38,-1.57,-1.07
scatterbrain,-1.29,-1.01,1.87,-1.29,-1.01,1.87
schizophrenic,-0.99,-1.16,1.46,-0.99,-1.16,1.46
scholar,2.64,2.43,-0.39,2.64,2.43,-0.39
scientist,2.03,1.95,-0.29,2.03,1.95,-0.29
scoundrel,-2.6,-0.48,1.68,-2.6,-0.48,1.68
scrooge,-2.2,-0.16,-0.98,-2.2,-0.16,-0.98
secretary,1.63,-0.24,-0.26,1.63,-0.24,-0.26
security_guard,1.29,1.35,-0.12,1.29,1.35,-0.12
self_employed_worker,1.83,1.82,0.85,1.83,1.82,0.85
senator,0.03,2.25,0.82,0.03,2.25,0.82
senior_citizen,1.64,-0.76,-1.88,1.64,-0.76,-1.88
servant,0.64,-1.84,-1.14,0.64,-1.84,-1.14
server,1.81,-0.14,0.78,1.81,-0.14,0.78
sewing_machine_operator,1.1,-0.68,-0.26,1.1,-0.68,-0.26
sheet_metal_worker,0.95,0.18,1.19,0.95,0.18,1.19
sheriff,1.09,2.53,1.09,1.09,2.53,1.09
ship_captain,1.85,2.53,1.59,1.85,2.53,1.59
ship_engineer,1.48,1.84,0.3,1.48,1.84,0.3
shoe_repairman,1.43,0.06,-0.31,1.43,0.06,-0.31
shop_clerk,1.15,-0.49,0.22,1.15,-0.49,0.22
shopkeeper,1.33,0.25,0.15,1.33,0.25,0.15
shoplifter,-2.51,-0.72,-0.37,-2.51,-0.72,-0.37
shopper,0.62,0.62,0.78,0.62,0.62,0.78
shrew,-1.16,-1.37,-0.04,-1.16,-1.37,-0.04
shrimp,0.98,-2.44,-1.17,0.98,-2.44,-1.17
shrink,1,1.01,-0.83,1,1.01,-0.83
shut_in,-1.01,-2.15,-2.48,-1.01,-2.15,-2.48
shyster,-0.78,-1.15,-1.15,-0.78,-1.15,-1.15
sibling,2.26,1.43,1.53,2.26,1.43,1.53
sidekick,1.67,-0.02,0.31,1.67,-0.02,0.31
simpleton,-0.5,-1.47,-1.48,-0.5,-1.47,-1.48
single_parent,0.94,1.21,0.65,0.94,1.21,0.65
sinner,-1.77,-0.63,0.66,-1.77,-0.63,0.66
sissy,-1.29,-1.83,-0.88,-1.29,-1.83,-0.88
sister,1.9,1.25,1.37,1.9,1.25,1.37
sister_in_law,0.86,0.23,0.29,0.86,0.23,0.29
skeptic,-0.05,0.32,0.03,-0.05,0.32,0.03
skilled_worker,2.46,2.14,0.68,2.46,2.14,0.68
slave,-1.78,-2.92,-1.38,-1.78,-2.92,-1.38
slave_driver,-3.42,1.91,1.89,-3.42,1.91,1.89
sleuth,-0.57,0.77,-1.23,-0.57,0.77,-1.23
slob,-2.45,-1.15,-1.13,-2.45,-1.15,-1.13
slut,-2.06,-0.93,1.62,-2.06,-0.93,1.62
smart_aleck,-1.25,-0.16,2.21,-1.25,-0.16,2.21
smoker,-1.78,-1.14,-0.55,-1.78,-1.14,-0.55
snob,-2.31,-0.3,0.7,-2.31,-0.3,0.7
snoop,-1.95,0.08,-1.33,-1.95,0.08,-1.33
snot,-2.1,-0.96,0.75,-2.1,-0.96,0.75
social_worker,2.13,1.28,-0.05,2.13,1.28,-0.05
socialist,-0.25,0.36,0.57,-0.25,0.36,0.57
soldier,2.08,2.02,1.53,2.08,2.02,1.53
son,1.57,1.32,0.76,1.57,1.32,0.76
son_in_law,1.2,0.33,0.11,1.2,0.33,0.11
sophisticate,1.69,2.07,0.19,1.69,2.07,0.19
sophomore,0.84,-0.13,0.59,0.84,-0.13,0.59
sorehead,-1.84,-0.6,-0.03,-1.84,-0.6,-0.03
soulmate,3.21,2.84,0.64,3.21,2.84,0.64
specialist,2.05,2.07,0.47,2.05,2.07,0.47
spectator,0.55,-0.62,-0.16,0.55,-0.62,-0.16
speech_language_pathologist,1.79,1.14,-0.33,1.79,1.14,-0.33
speeder,-1.31,0.74,2.82,-1.31,0.74,2.82
spoilsport,-1.97,-0.16,1.04,-1.97,-0.16,1.04
spook,-1.16,0.28,1.02,-1.16,0.28,1.02
sports_fan,1.08,-0.02,3.12,1.08,-0.02,3.12
spouse,2.92,1.97,0.46,2.92,1.97,0.46
spy,0.14,1.86,-1.11,0.14,1.86,-1.11
star,1.75,2.24,0.85,1.75,2.24,0.85
state_trooper,0.2,2.35,0.96,0.2,2.35,0.96
statistician,1.03,0.48,-0.75,1.03,0.48,-0.75
steel_worker,0.87,0.49,1.03,0.87,0.49,1.03
stenographer,0.58,-0.17,-0.22,0.58,-0.17,-0.22
stepbrother,0.37,0.18,0.52,0.37,0.18,0.52
stepchild,0.19,-0.24,0.23,0.19,-0.24,0.23
stepdaughter,0.83,0.06,0.47,0.83,0.06,0.47
stepfather,0.18,0.71,0.19,0.18,0.71,0.19
stepmother,0.07,0.31,0.48,0.07,0.31,0.48
stepparent,-0.1,0,0.01,-0.1,0,0.01
stepsister,0.44,0.07,0.24,0.44,0.07,0.24
stepson,0.52,-0.12,0.51,0.52,-0.12,0.51
stockbroker,0.35,1.84,1.51,0.35,1.84,1.51
stockholder,0.69,0.89,0.53,0.69,0.89,0.53
storyteller,2.1,1.61,0.38,2.1,1.61,0.38
stranger,-0.12,-0.16,-0.21,-0.12,-0.16,-0.21
street_musician,1.38,-0.53,1.8,1.38,-0.53,1.8
street_preacher,-0.35,-0.51,2.33,-0.35,-0.51,2.33
streetwalker,-0.67,-1.25,0.02,-0.67,-1.25,0.02
stripper,-1.16,-1.15,1.21,-1.16,-1.15,1.21
student,1.81,0.46,0.08,1.81,0.46,0.08
student_teacher,1.73,0.21,0.35,1.73,0.21,0.35
subordinate,0.16,-1.48,-0.88,0.16,-1.48,-0.88
sucker,-1.45,-1.87,-0.54,-1.45,-1.87,-0.54
superior,0.68,2.65,1.09,0.68,2.65,1.09
superordinate,0.28,0.6,0.17,0.28,0.6,0.17
supervisor,0.74,2.12,0.8,0.74,2.12,0.8
supporter,2.65,2.25,1.25,2.65,2.25,1.25
surgeon,3.09,3.14,-0.13,3.09,3.14,-0.13
survivor,2.79,2.8,0.66,2.79,2.8,0.66
suspect,-0.89,-0.86,-0.32,-0.89,-0.86,-0.32
sweetheart,2.84,1.69,0.17,2.84,1.69,0.17
switchboard_operator,0.73,0.39,0.45,0.73,0.39,0.45
systems_engineer,1.36,1.27,-0.06,1.36,1.27,-0.06
tailor,1.18,0.08,-0.47,1.18,0.08,-0.47
tax_preparer,0.58,1.2,-0.59,0.58,1.2,-0.59
taxi_driver,0.76,-0.5,1.7,0.76,-0.5,1.7
taxpayer,1.23,-0.18,-0.06,1.23,-0.18,-0.06
teacher,2.52,2.22,0.44,2.52,2.22,0.44
teammate,2.78,2.14,1.72,2.78,2.14,1.72
tease,-1.52,0.56,0.76,-1.52,0.56,0.76
technician,1.65,1.04,0.41,1.65,1.04,0.41
teenager,0.2,-0.66,2.01,0.2,-0.66,2.01
teetotaler,-0.32,-0.56,0.16,-0.32,-0.56,0.16
telemarketer,-1.68,-1.68,1.71,-1.68,-1.68,1.71
telephone_installer,0.99,-0.18,-0.08,0.99,-0.18,-0.08
telephone_operator,0.22,-0.49,0.47,0.22,-0.49,0.47
temporary_worker,0.44,-1.39,-0.34,0.44,-1.39,-0.34
tenant,0.78,-0.71,0,0.78,-0.71,0
terrorist,-3.78,2.35,1.35,-3.78,2.35,1.35
textile_worker,0.74,-0.82,0.3,0.74,-0.82,0.3
thief,-3.21,0.15,-0.33,-3.21,0.15,-0.33
thug,-2.65,0.52,1.44,-2.65,0.52,1.44
ticket_taker,0.32,-0.64,0.09,0.32,-0.64,0.09
toddler,1.01,-1.91,2.03,1.01,-1.91,2.03
tomboy,0.59,0.69,0.86,0.59,0.69,0.86
tool_and_die_maker,0.87,-0.09,-0.2,0.87,-0.09,-0.2
topless_dancer,-0.88,-0.46,1.79,-0.88,-0.46,1.79
tot,0.97,-1.64,1.37,0.97,-1.64,1.37
tourist,0.5,-0.91,1.26,0.5,-0.91,1.26
trainee,0.85,-1.41,-0.54,0.85,-1.41,-0.54
traitor,-2.9,0.33,-0.72,-2.9,0.33,-0.72
tramp,-2.23,-1.48,0.94,-2.23,-1.48,0.94
transportation_ticket_agent,0.39,0.05,0.3,0.39,0.05,0.3
travel_agent,1.36,0.49,1.14,1.36,0.49,1.14
traveler,1.73,0.64,0.83,1.73,0.64,0.83
trespasser,-2.23,0.11,-0.97,-2.23,0.11,-0.97
troublemaker,-2.24,0.68,2.33,-2.24,0.68,2.33
truant,-0.73,-0.08,0.4,-0.73,-0.08,0.4
truck_driver,0.45,0.25,0.21,0.45,0.25,0.21
truelove,3.35,3.27,0.65,3.35,3.27,0.65
tutor,2.4,1.65,-0.33,2.4,1.65,-0.33
tv_repairman,1.05,0,-0.41,1.05,0,-0.41
typist,0.7,-0.48,0.9,0.7,-0.48,0.9
umpire,1.01,1.94,1.57,1.01,1.94,1.57
uncle,1.86,0.97,0.87,1.86,0.97,0.87
underachiever,-1.64,-1.8,-1.66,-1.64,-1.8,-1.66
underdog,1.22,-0.66,-0.18,1.22,-0.66,-0.18
undergraduate,1.65,-0.01,1.2,1.65,-0.01,1.2
undertaker,0.18,0.75,-0.65,0.18,0.75,-0.65
unemployed_person,-0.59,-1.74,-1.07,-0.59,-1.74,-1.07
union_member,0.74,0.74,1.13,0.74,0.74,1.13
university_student,1.71,0.78,1.5,1.71,0.78,1.5
unwanted_child,-1.91,-1.91,-0.62,-1.91,-1.91,-0.62
unwed_father,-0.18,0.13,-0.01,-0.18,0.13,-0.01
unwed_mother,-0.04,0.33,0.39,-0.04,0.33,0.39
unwed_parent,-0.22,0.1,0.22,-0.22,0.1,0.22
usher,1.5,0.77,-0.51,1.5,0.77,-0.51
vagrant,-1.4,-1.51,-0.22,-1.4,-1.51,-0.22
vandal,-2.2,-0.25,0.65,-2.2,-0.25,0.65
veterinarian,2.78,1.92,0.01,2.78,1.92,0.01
victim,-0.16,-2.57,-1.5,-0.16,-2.57,-1.5
vigilante,-0.05,1.29,1.38,-0.05,1.29,1.38
villain,-3.15,1.96,1.38,-3.15,1.96,1.38
vip,1.01,2.31,1.48,1.01,2.31,1.48
virgin,1.74,1.08,-0.84,1.74,1.08,-0.84
visitor,1.23,-0.1,0.01,1.23,-0.1,0.01
voter,1.87,1.7,0.1,1.87,1.7,0.1
wage_earner,1.67,1.1,0.08,1.67,1.1,0.08
waiter,1.29,-0.2,1.31,1.29,-0.2,1.31
waitress,1.36,-0.27,1.34,1.36,-0.27,1.34
wallflower,0.13,-1.57,-2.23,0.13,-1.57,-2.23
ward_of_the_state,-0.16,-0.33,-0.01,-0.16,-0.33,-0.01
warden,0.01,2.4,0.85,0.01,2.4,0.85
watchman,1.4,1.44,-1.27,1.4,1.44,-1.27
weakling,-1.36,-2.79,-1.95,-1.36,-2.79,-1.95
web_developer,1.39,1.32,-1.01,1.39,1.32,-1.01
weirdo,-0.59,-0.78,-0.04,-0.59,-0.78,-0.04
welder,0.9,0.54,0.88,0.9,0.54,0.88
welfare_recipient,-0.49,-1.83,-0.84,-0.49,-1.83,-0.84
white_collar_worker,1.17,1.44,0.48,1.17,1.44,0.48
white_man,0.83,1.66,0.53,0.83,1.66,0.53
white_supremacist,-3.27,0.03,1.26,-3.27,0.03,1.26
white_woman,0.9,0.81,0.19,0.9,0.81,0.19
wholesaler,0.89,1.14,0.63,0.89,1.14,0.63
whore,-1.85,-1.53,1.3,-1.85,-1.53,1.3
widow,-0.03,-0.67,-1.31,-0.03,-0.67,-1.31
widower,-0.33,-1,-1.51,-0.33,-1,-1.51
wife,2.69,2.28,1.1,2.69,2.28,1.1
wife_abuser,-4.02,0.53,1.66,-4.02,0.53,1.66
windbag,-0.6,-0.44,0.97,-0.6,-0.44,0.97
winner,2.74,2.91,2.16,2.74,2.91,2.16
witness,1.42,1.78,-0.15,1.42,1.78,-0.15
woman,1.67,1.03,0.58,1.67,1.03,0.58
womanizer,-1.86,0.84,1.71,-1.86,0.84,1.71
worker,1.61,0.41,0.67,1.61,0.41,0.67
writer,1.65,2.13,-1.15,1.65,2.13,-1.15
youngster,1.1,-0.91,2.2,1.1,-0.91,2.2
